,high,low,open,close,adjust,volume_match,value_match
0,0.679012,0.677156,0.701149,124.0,0.552567,0.006316,0.012484
1,0.679012,0.684149,0.701149,122.9,0.535538,0.008528,0.016241
2,0.690236,0.677156,0.683908,125.0,0.568115,0.010863,0.020567
3,0.757576,0.729604,0.743678,131.0,0.660908,0.029976,0.058185
4,0.762065,0.7669,0.786207,130.0,0.64536,0.008462,0.018345
5,0.774411,0.770396,0.770115,131.9,0.674975,0.017454,0.035869
6,0.768799,0.792541,0.791954,131.7,0.671767,0.001436,0.00569
7,0.791246,0.801865,0.789655,134.0,0.707305,0.032692,0.065915
8,0.802469,0.815851,0.804598,135.0,0.722853,0.016274,0.034648
9,0.804714,0.828671,0.827586,134.9,0.721372,0.015656,0.033828
10,0.799102,0.805361,0.804598,133.0,0.692004,0.013917,0.030042
11,0.784512,0.800699,0.804598,132.2,0.679418,0.011648,0.025211
12,0.801347,0.817016,0.804598,134.0,0.707305,0.013121,0.028668
13,0.792368,0.808858,0.817241,133.8,0.704344,0.000366,0.003977
14,0.802469,0.817016,0.818391,134.0,0.707305,0.006099,0.015108
15,0.802469,0.82634,0.826437,134.5,0.715202,0.036263,0.073291
16,0.808081,0.832168,0.827586,135.5,0.730503,0.038608,0.078291
17,0.817059,0.847319,0.83908,135.9,0.736673,0.02597,0.054377
18,0.820426,0.850816,0.844828,136.5,0.746051,0.010344,0.024015
19,0.824916,0.846154,0.850575,136.5,0.746051,0.004756,0.013093
20,0.820426,0.846154,0.845977,135.5,0.730503,0.000362,0.004506
21,0.819304,0.822844,0.844828,135.0,0.722853,0.025897,0.053959
22,0.811448,0.817016,0.836782,135.0,0.722853,0.022023,0.045861
23,0.835017,0.839161,0.827586,137.0,0.753702,0.052004,0.105753
24,0.838384,0.863636,0.862069,138.0,0.76925,0.032851,0.068982
25,0.840629,0.854312,0.862069,138.3,0.773939,0.023607,0.050482
26,0.861953,0.875291,0.865517,139.4,0.790967,0.051231,0.106548
27,0.861953,0.892774,0.885057,140.2,0.803307,0.030586,0.065857
28,0.886644,0.902098,0.889655,142.0,0.831194,0.03885,0.083336
29,0.895623,0.926573,0.91954,142.6,0.840573,0.081563,0.171656
30,0.897868,0.931235,0.91954,143.0,0.846742,0.034098,0.074965
31,0.960718,0.933566,0.925287,148.5,0.931885,0.076056,0.165202
32,0.965208,0.995338,0.988506,148.9,0.938055,0.025995,0.061664
33,1.0,1.0,0.988506,151.6,0.979763,0.045001,0.10419
34,0.993266,0.956876,1.0,146.1,0.89462,0.025635,0.060636
35,0.970819,0.972028,0.957471,147.7,0.919299,0.010199,0.027577
36,0.953984,0.911422,0.982759,141.1,0.817374,0.033762,0.074401
37,0.902357,0.914918,0.929885,141.4,0.821816,0.028601,0.063006
38,0.902357,0.916084,0.902299,142.9,0.845015,0.028986,0.064111
39,0.890011,0.917249,0.913793,142.0,0.831194,0.012494,0.03042
40,0.890011,0.881119,0.908046,141.0,0.815647,0.021057,0.046783
41,0.881033,0.892774,0.881609,139.7,0.795656,0.020901,0.046833
42,0.852974,0.847319,0.873563,137.0,0.753702,0.033973,0.070821
43,0.84624,0.857809,0.844828,137.6,0.76308,0.007252,0.018441
44,0.852974,0.875291,0.862069,139.0,0.784798,0.013828,0.031786
45,0.859708,0.877622,0.87931,138.3,0.773939,0.016494,0.037297
46,0.847363,0.86014,0.873563,137.2,0.75691,0.031099,0.065269
47,0.836139,0.857809,0.852874,137.0,0.753702,0.047061,0.096355
48,0.842873,0.869464,0.862069,138.0,0.76925,0.030612,0.064775
49,0.836139,0.858974,0.862069,136.9,0.752221,0.031835,0.066554
50,0.841751,0.842657,0.844828,138.5,0.777147,0.047819,0.096932
51,0.857464,0.851981,0.873563,136.0,0.738401,0.029404,0.062633
52,0.824916,0.846154,0.83908,136.5,0.746051,0.012209,0.027695
53,0.819304,0.835664,0.824138,136.5,0.746051,0.014892,0.032472
54,0.829405,0.851981,0.844828,136.5,0.746051,0.019774,0.042577
55,0.82716,0.855478,0.845977,136.5,0.746051,0.019655,0.042355
56,0.819304,0.842657,0.843678,135.2,0.726061,0.026112,0.054548
57,0.819304,0.837995,0.829885,134.8,0.719891,0.052013,0.104169
58,0.842873,0.840326,0.833333,138.6,0.778628,0.025151,0.053563
59,0.857464,0.867133,0.883908,139.0,0.784798,0.046069,0.096261
60,0.847363,0.870629,0.873563,138.5,0.777147,0.01975,0.043205
61,0.856341,0.875291,0.862069,138.0,0.76925,0.009486,0.023098
62,0.836139,0.855478,0.862069,136.3,0.74309,0.035738,0.073759
63,0.832772,0.857809,0.855172,137.2,0.75691,0.013149,0.029829
64,0.835017,0.840326,0.86092,135.4,0.729023,0.041983,0.085288
65,0.819304,0.840326,0.827586,135.3,0.727542,0.028811,0.059522
66,0.815937,0.843823,0.831034,135.6,0.732231,0.005371,0.014188
67,0.814815,0.839161,0.834483,135.7,0.733712,0.019776,0.041984
68,0.818182,0.840326,0.827586,136.0,0.738401,0.011613,0.026379
69,0.823793,0.839161,0.843678,135.0,0.722853,0.028387,0.058826
70,0.808081,0.839161,0.827586,135.2,0.726061,0.015786,0.034173
71,0.809203,0.811189,0.833333,133.0,0.692004,0.015693,0.033454
72,0.768799,0.772727,0.781609,129.6,0.639191,0.054882,0.104558
73,0.740741,0.74359,0.748276,127.0,0.598963,0.03369,0.064101
74,0.740741,0.751748,0.744828,129.5,0.63771,0.010097,0.021144
75,0.742985,0.762238,0.765517,129.5,0.63771,0.006832,0.015206
76,0.749719,0.773893,0.767816,129.8,0.642399,0.014062,0.028766
77,0.758698,0.778555,0.770115,130.0,0.64536,0.02229,0.044472
78,0.757576,0.780886,0.781609,131.0,0.660908,0.010284,0.022026
79,0.749719,0.758741,0.773563,129.1,0.63154,0.004656,0.011148
80,0.746352,0.772727,0.768966,129.5,0.63771,0.021642,0.0427
81,0.736251,0.758741,0.748276,128.0,0.614511,0.017108,0.033938
82,0.736251,0.758741,0.752874,128.2,0.61772,0.000764,0.003832
83,0.747475,0.764569,0.752874,130.1,0.647088,0.004549,0.010933
84,0.790123,0.77972,0.767816,133.9,0.705824,0.033646,0.066693
85,0.818182,0.807692,0.795402,135.5,0.730503,0.039581,0.080013
86,0.818182,0.833333,0.833333,135.6,0.732231,0.00403,0.011457
87,0.818182,0.840326,0.831034,136.4,0.744571,0.02062,0.043908
88,0.819304,0.846154,0.844828,135.6,0.732231,0.00784,0.0191
89,0.83165,0.83683,0.827586,137.5,0.761599,0.008584,0.020634
90,0.824916,0.822844,0.850575,133.5,0.699654,0.023503,0.04918
91,0.802469,0.804196,0.794253,132.1,0.677937,0.016655,0.034952
92,0.780022,0.796037,0.783908,132.1,0.677937,0.007548,0.017324
93,0.785634,0.786713,0.781609,130.5,0.653258,0.023639,0.047275
94,0.791246,0.780886,0.781609,134.0,0.707305,0.002315,0.007589
95,0.796857,0.801865,0.816092,132.0,0.676456,0.016148,0.033715
96,0.787879,0.80303,0.797701,132.9,0.690276,0.0,0.003178
97,0.780022,0.799534,0.802299,131.5,0.668806,0.012982,0.027752
98,0.766554,0.776224,0.786207,129.5,0.63771,0.021063,0.042149
99,0.747475,0.748252,0.764368,128.0,0.614511,0.02138,0.041856
100,0.735129,0.758741,0.752874,128.6,0.623889,0.009626,0.020062
101,0.737374,0.747086,0.754023,127.5,0.630059,0.00417,0.009997
102,0.721661,0.734266,0.741379,126.5,0.614511,0.013267,0.026056
103,0.717172,0.738928,0.727586,126.6,0.615992,0.004326,0.009946
104,0.721661,0.734266,0.735632,126.9,0.620681,0.013871,0.02731
105,0.712682,0.728438,0.735632,125.5,0.598717,0.014069,0.027316
106,0.699214,0.724942,0.714943,125.2,0.594028,0.020512,0.038657
107,0.69248,0.698135,0.714943,123.2,0.562932,0.040894,0.073727
108,0.681257,0.699301,0.689655,123.7,0.570582,0.018883,0.034818
109,0.676768,0.698135,0.697701,123.7,0.570582,0.017295,0.03198
110,0.675645,0.700466,0.689655,123.0,0.559724,0.036762,0.066344
111,0.675645,0.700466,0.694253,123.4,0.565893,0.031522,0.057065
112,0.673401,0.701632,0.695402,123.3,0.564413,0.035379,0.063872
113,0.695847,0.703963,0.718391,125.5,0.598717,0.112211,0.202961
114,0.700337,0.701632,0.722989,123.1,0.561204,0.01645,0.030967
115,0.681257,0.701632,0.690805,123.4,0.565893,0.020752,0.038253
116,0.67789,0.700466,0.695402,123.5,0.567621,0.010827,0.020613
117,0.676768,0.699301,0.690805,123.1,0.561204,0.025412,0.046283
118,0.670034,0.682984,0.689655,123.0,0.559724,0.031056,0.055689
119,0.691358,0.700466,0.712644,125.0,0.591066,0.03448,0.06315
120,0.702581,0.719114,0.713793,125.1,0.592547,0.021323,0.039924
121,0.704826,0.721445,0.714943,126.0,0.606614,0.018499,0.035099
122,0.708193,0.736597,0.714943,126.2,0.609822,0.016391,0.031598
123,0.708193,0.731935,0.726437,126.2,0.609822,0.011908,0.023464
124,0.698092,0.712121,0.72069,124.2,0.57848,0.033409,0.061202
125,0.690236,0.707459,0.703448,125.0,0.591066,0.032564,0.059364
126,0.695847,0.721445,0.712644,125.0,0.591066,0.007148,0.014578
127,0.695847,0.723776,0.718391,125.2,0.594028,0.000262,0.002284
128,0.693603,0.712121,0.714943,124.0,0.575271,0.004743,0.010157
129,0.679012,0.702797,0.714943,123.2,0.562932,0.020677,0.038066
130,0.681257,0.706294,0.698851,124.0,0.575271,0.011537,0.022004
131,0.700337,0.710956,0.701149,125.4,0.597236,0.033222,0.061162
132,0.694725,0.717949,0.712644,124.6,0.58465,0.020888,0.03901
133,0.713805,0.719114,0.712644,126.9,0.620681,0.053154,0.097908
134,0.707071,0.729604,0.729885,125.5,0.598717,0.021571,0.040771
135,0.69697,0.721445,0.718391,125.4,0.597236,0.02361,0.044036
136,0.71156,0.726107,0.724138,125.6,0.600444,0.01543,0.029708
137,0.695847,0.723776,0.712644,125.1,0.592547,0.019848,0.037335
138,0.700337,0.717949,0.716092,124.5,0.583169,0.012187,0.023606
139,0.683502,0.700466,0.702299,123.5,0.567621,0.039482,0.071162
140,0.69697,0.706294,0.712644,123.5,0.567621,0.031129,0.057211
141,0.679012,0.699301,0.695402,123.2,0.562932,0.026082,0.047508
142,0.684624,0.702797,0.695402,124.2,0.57848,0.01107,0.021185
143,0.681257,0.703963,0.695402,124.0,0.575271,0.009571,0.018486
144,0.683502,0.688811,0.695402,122.0,0.543929,0.029273,0.052992
145,0.645342,0.656177,0.666667,120.2,0.515795,0.031944,0.055667
146,0.654321,0.667832,0.666667,121.0,0.528381,0.02204,0.039237
147,0.652076,0.667832,0.666667,120.9,0.5269,0.01432,0.025742
148,0.653199,0.674825,0.665517,121.0,0.528381,0.021771,0.03882
149,0.645342,0.670163,0.666667,120.6,0.522211,0.008173,0.015054
150,0.636364,0.642191,0.655172,118.0,0.481491,0.043455,0.074487
151,0.632997,0.65035,0.645977,118.7,0.492349,0.019433,0.033754
152,0.656566,0.634033,0.624138,122.0,0.543929,0.01923,0.033545
153,0.698092,0.671329,0.666667,124.1,0.576999,0.038448,0.069364
154,0.69248,0.716783,0.706897,124.9,0.589339,0.023306,0.043313
155,0.689113,0.713287,0.711494,124.4,0.581688,0.024687,0.045705
156,0.682379,0.706294,0.701149,123.9,0.573791,0.01481,0.027809
157,0.682379,0.70979,0.7,124.0,0.575271,0.012163,0.023144
158,0.681257,0.700466,0.702299,123.0,0.559724,0.016773,0.031101
159,0.65881,0.667832,0.678161,120.5,0.520484,0.027219,0.04798
160,0.654321,0.653846,0.672414,119.0,0.497038,0.032166,0.055963
161,0.635241,0.656177,0.655172,119.4,0.503208,0.011976,0.021255
162,0.667789,0.66317,0.655172,123.0,0.559724,0.013884,0.025264
163,0.681257,0.69697,0.655172,123.0,0.559724,0.025169,0.046008
164,0.682379,0.700466,0.689655,124.0,0.575271,0.022666,0.041743
165,0.679012,0.695804,0.689655,123.8,0.57231,0.006423,0.012847
166,0.681257,0.688811,0.703448,122.0,0.543929,0.015113,0.027781
167,0.668911,0.688811,0.678161,122.8,0.556515,0.00212,0.005059
168,0.684624,0.694639,0.689655,124.5,0.583169,0.010881,0.020775
169,0.682379,0.703963,0.704598,123.7,0.570582,0.018021,0.033437
170,0.679012,0.689977,0.698851,122.1,0.545656,0.006213,0.012407
171,0.671156,0.681818,0.683908,122.0,0.543929,0.015769,0.028711
172,0.662177,0.682984,0.68046,122.1,0.545656,0.011105,0.020582
173,0.650954,0.666667,0.672414,121.5,0.600197,0.015953,0.02852
174,0.667789,0.67366,0.672414,122.5,0.616239,0.010101,0.018967
175,0.67789,0.685315,0.672414,123.7,0.635735,0.033594,0.060716
176,0.67789,0.694639,0.695402,123.6,0.634255,0.021749,0.039812
177,0.675645,0.689977,0.697701,122.1,0.609822,0.064754,0.11471
178,0.691358,0.69697,0.689655,124.5,0.648815,0.061726,0.111531
179,0.719416,0.715618,0.706897,126.9,0.687562,0.051201,0.094644
180,0.71156,0.729604,0.727586,126.4,0.679418,0.016572,0.031932
181,0.747475,0.741259,0.736782,130.0,0.73766,0.064285,0.120721
182,0.758698,0.775058,0.770115,130.1,0.739388,0.043683,0.084019
183,0.754209,0.775058,0.771264,129.7,0.732971,0.029404,0.057313
184,0.742985,0.755245,0.764368,128.0,0.705331,0.044825,0.084709
185,0.721661,0.737762,0.741379,127.0,0.689289,0.086163,0.158348
186,0.735129,0.729604,0.724138,129.0,0.721619,0.026521,0.050183
187,0.756453,0.764569,0.75977,128.6,0.715202,0.017717,0.035454
188,0.746352,0.761072,0.751724,129.1,0.7231,0.026922,0.05221
189,0.738496,0.765734,0.751724,129.0,0.721619,0.01273,0.025976
190,0.732884,0.744755,0.756322,127.0,0.689289,0.018752,0.036562
191,0.729517,0.74359,0.732184,127.0,0.689289,0.008165,0.017071
192,0.723906,0.745921,0.735632,128.0,0.705331,0.017227,0.033654
193,0.735129,0.757576,0.758621,128.6,0.715202,0.015058,0.03005
194,0.740741,0.755245,0.752874,128.3,0.710267,0.042801,0.081017
195,0.756453,0.762238,0.774713,130.4,0.744324,0.050297,0.096245
196,0.773288,0.784382,0.774713,131.0,0.753949,0.054513,0.105716
197,0.780022,0.799534,0.787356,132.5,0.778134,0.040492,0.079768
198,0.808081,0.804196,0.798851,133.6,0.795903,0.083116,0.16297
199,0.795735,0.808858,0.816092,132.5,0.778134,0.054002,0.106581
200,0.776655,0.796037,0.798851,132.3,0.774926,0.0276,0.055132
201,0.784512,0.807692,0.795402,132.6,0.779862,0.011937,0.025887
202,0.796857,0.811189,0.8,134.5,0.810711,0.026102,0.053526
203,0.806958,0.824009,0.821839,133.8,0.799358,0.013732,0.029943
204,0.801347,0.824009,0.812644,134.1,0.804047,0.011908,0.026305
205,0.800224,0.793706,0.82069,132.0,0.770237,0.049344,0.09699
206,0.768799,0.768065,0.793103,130.0,0.73766,0.109171,0.205791
207,0.780022,0.784382,0.772414,132.4,0.776654,0.033423,0.06608
208,0.780022,0.789044,0.804598,131.3,0.758885,0.054435,0.105238
209,0.760943,0.772727,0.785057,129.2,0.724827,0.076896,0.145478
210,0.751964,0.764569,0.758621,130.1,0.739388,0.04371,0.083781
211,0.744108,0.7669,0.764368,129.1,0.7231,0.028479,0.055166
212,0.749719,0.769231,0.75977,129.2,0.724827,0.044143,0.084262
213,0.748597,0.770396,0.76092,129.3,0.726308,0.017907,0.035781
214,0.738496,0.750583,0.762069,127.5,0.697187,0.07966,0.148023
215,0.718294,0.728438,0.741379,125.5,0.664857,0.080736,0.147558
216,0.705948,0.730769,0.724138,125.9,0.671273,0.020301,0.038525
217,0.701459,0.665501,0.724138,123.0,0.624383,0.101213,0.18007
218,0.672278,0.670163,0.689655,120.8,0.588845,0.067059,0.117192
219,0.683502,0.670163,0.65977,124.4,0.647088,0.038656,0.069301
220,0.687991,0.703963,0.706897,124.0,0.640671,0.04211,0.076233
221,0.676768,0.685315,0.695402,122.0,0.608342,0.053814,0.095528
222,0.670034,0.680653,0.672414,121.5,0.600197,0.021461,0.038728
223,0.671156,0.672494,0.68046,122.9,0.622902,0.019595,0.035538
224,0.679012,0.69697,0.688506,123.0,0.624383,0.03352,0.060659
225,0.675645,0.689977,0.697701,122.1,0.609822,0.00456,0.009335
226,0.659933,0.670163,0.67931,122.1,0.609822,0.040051,0.070431
227,0.661055,0.679487,0.678161,121.5,0.600197,0.013324,0.024396
228,0.650954,0.645688,0.672414,118.3,0.548371,0.058325,0.100543
229,0.609428,0.620047,0.629885,116.4,0.517522,0.055137,0.092386
230,0.620651,0.623543,0.613793,118.8,0.556515,0.020216,0.034255
231,0.630752,0.63986,0.651724,117.8,0.540227,0.020237,0.034947
232,0.61055,0.622378,0.631034,116.3,0.516041,0.031878,0.053488
233,0.613917,0.622378,0.612644,118.1,0.545163,0.023682,0.040137
234,0.619529,0.636364,0.633333,118.2,0.546644,0.027708,0.047352
235,0.618406,0.634033,0.628736,118.6,0.553307,0.025018,0.042723
236,0.628507,0.652681,0.643678,119.2,0.562932,0.020584,0.035809
237,0.632997,0.642191,0.647126,118.0,0.543435,0.014035,0.024595
238,0.620651,0.638695,0.637931,118.7,0.554788,0.022974,0.039399
239,0.620651,0.631702,0.641379,117.1,0.528875,0.026728,0.045408
240,0.622896,0.634033,0.625287,118.6,0.553307,0.05407,0.092121
241,0.634119,0.649184,0.63908,119.7,0.571076,0.062797,0.108318
242,0.637486,0.659674,0.655172,120.0,0.575765,0.074298,0.128369
243,0.634119,0.642191,0.655172,118.0,0.543435,0.024643,0.042656
244,0.620651,0.642191,0.632184,118.6,0.553307,0.014625,0.025355
245,0.628507,0.638695,0.649425,118.0,0.543435,0.012909,0.02234
246,0.611672,0.630536,0.629885,117.0,0.543682,0.003517,0.006262
247,0.617284,0.618881,0.62069,118.2,0.563179,0.005353,0.00922
248,0.611672,0.624709,0.629885,116.5,0.535291,0.019183,0.032393
249,0.622896,0.623543,0.643678,116.5,0.535291,0.005553,0.009579
250,0.613917,0.624709,0.62069,117.9,0.558243,0.003879,0.0069
251,0.622896,0.644522,0.634483,118.3,0.564906,0.016943,0.029346
252,0.613917,0.628205,0.632184,117.4,0.550099,0.01074,0.018466
253,0.620651,0.636364,0.626437,118.5,0.568115,0.008997,0.01573
254,0.620651,0.636364,0.637931,118.8,0.57305,0.027115,0.046322
255,0.628507,0.646853,0.643678,118.6,0.569595,0.016883,0.029399
256,0.62514,0.646853,0.63908,118.9,0.574531,0.015549,0.027061
257,0.622896,0.635198,0.643678,117.4,0.550099,0.006762,0.011966
258,0.612795,0.631702,0.625287,117.8,0.556515,0.00304,0.00554
259,0.61055,0.632867,0.629885,117.8,0.556515,0.019643,0.033456
260,0.617284,0.632867,0.629885,118.2,0.563179,0.013096,0.022523
261,0.618406,0.63986,0.634483,118.6,0.569595,0.004949,0.008917
262,0.62514,0.646853,0.643678,119.0,0.576259,0.010629,0.018691
263,0.655443,0.649184,0.643678,121.0,0.608835,0.027893,0.04877
264,0.655443,0.677156,0.666667,121.3,0.613771,0.025042,0.044604
265,0.631874,0.621212,0.643678,116.6,0.537019,0.06046,0.102163
266,0.59596,0.531469,0.613793,108.5,0.404738,0.078766,0.12547
267,0.527497,0.444056,0.52069,108.3,0.40153,0.096651,0.142138
268,0.521886,0.480186,0.53908,105.0,0.34773,0.076525,0.115032
269,0.496072,0.470862,0.498851,106.6,0.373889,0.061036,0.089944
270,0.506173,0.501166,0.511494,107.5,0.38845,0.089363,0.135662
271,0.527497,0.520979,0.513793,110.2,0.432626,0.059965,0.092479
272,0.515152,0.517483,0.528736,109.0,0.412883,0.030603,0.04616
273,0.510662,0.513986,0.528736,107.2,0.383514,0.029427,0.04397
274,0.499439,0.516317,0.517241,107.2,0.383514,0.027137,0.040341
275,0.493827,0.509324,0.508046,106.9,0.378578,0.021167,0.030775
276,0.492705,0.509324,0.508046,106.6,0.373889,0.020905,0.03038
277,0.494949,0.511655,0.503448,107.5,0.38845,0.016846,0.02433
278,0.497194,0.494172,0.514943,105.5,0.355874,0.038651,0.057111
279,0.484848,0.490676,0.482759,106.4,0.370434,0.025044,0.036171
280,0.493827,0.505828,0.505747,106.4,0.370434,0.016906,0.024222
281,0.515152,0.519814,0.511494,108.5,0.404738,0.058102,0.089012
282,0.497194,0.502331,0.505747,106.4,0.370434,0.032715,0.04812
283,0.505051,0.502331,0.497701,108.0,0.396594,0.044482,0.066945
284,0.484848,0.490676,0.502299,105.0,0.34773,0.051497,0.076257
285,0.492705,0.47669,0.482759,107.4,0.386723,0.028369,0.041001
286,0.478114,0.467366,0.486207,104.5,0.339585,0.055843,0.081518
287,0.47138,0.47669,0.477011,104.5,0.339585,0.030542,0.043834
288,0.479237,0.486014,0.488506,105.3,0.352665,0.0225,0.031999
289,0.476992,0.484848,0.486207,104.8,0.344274,0.01634,0.022632
290,0.47587,0.484848,0.482759,104.5,0.339585,0.007967,0.010015
291,0.463524,0.474359,0.477011,104.2,0.33465,0.018837,0.025876
292,0.43771,0.397436,0.425287,97.0,0.217177,0.099892,0.139254
293,0.429854,0.385781,0.37931,101.7,0.293682,0.071363,0.099059
294,0.465769,0.423077,0.448276,101.6,0.292201,0.096808,0.1393
295,0.426487,0.397436,0.393103,100.9,0.280849,0.103476,0.142234
296,0.416386,0.376457,0.370115,99.1,0.251234,0.090422,0.123579
297,0.400673,0.391608,0.414943,97.0,0.217177,0.039062,0.051275
298,0.369248,0.374126,0.37931,96.0,0.200642,0.072654,0.095597
299,0.384961,0.374126,0.381609,95.0,0.184353,0.050324,0.065282
300,0.342312,0.304196,0.344828,89.0,0.086377,0.119907,0.150951
301,0.312009,0.304196,0.298851,90.0,0.102665,0.097969,0.121839
302,0.287318,0.242424,0.3,83.7,0.0,0.091792,0.105581
303,0.278339,0.242424,0.237931,86.1,0.03924,0.07032,0.08113
304,0.320988,0.317016,0.317241,92.0,0.135489,0.130373,0.165943
305,0.353535,0.301865,0.336782,94.0,0.168065,0.109457,0.142579
306,0.356902,0.339161,0.344828,94.1,0.169793,0.119015,0.155942
307,0.325477,0.304196,0.310345,91.2,0.122409,0.061714,0.07586
308,0.335578,0.315851,0.33908,91.0,0.1192,0.048941,0.059783
309,0.342312,0.327506,0.321839,94.0,0.168065,0.042351,0.052274
310,0.359147,0.362471,0.362069,95.0,0.184353,0.079657,0.104144
311,0.371493,0.374126,0.385057,96.2,0.204097,0.07516,0.099342
312,0.398429,0.38345,0.385057,98.5,0.241609,0.095882,0.129634
313,0.398429,0.391608,0.402299,99.0,0.249753,0.030335,0.039175
314,0.419753,0.423077,0.424138,100.1,0.267769,0.045456,0.062421
315,0.409652,0.410256,0.425287,99.6,0.259625,0.040231,0.054266
316,0.407407,0.412587,0.42069,99.1,0.251234,0.041007,0.055167
317,0.406285,0.417249,0.41954,99.0,0.249753,0.037744,0.050498
318,0.406285,0.423077,0.421839,99.2,0.252962,0.029435,0.038917
319,0.40404,0.41958,0.417241,99.3,0.254689,0.042348,0.057031
320,0.410774,0.420746,0.425287,99.3,0.254689,0.071651,0.098664
321,0.42312,0.432401,0.425287,100.0,0.266041,0.057488,0.079669
322,0.409652,0.38345,0.425287,96.8,0.213722,0.088996,0.121055
323,0.382716,0.38345,0.38046,97.5,0.225321,0.039008,0.050515
324,0.393939,0.384615,0.409195,96.1,0.202369,0.056122,0.074194
325,0.441077,0.403263,0.417241,102.8,0.311698,0.160624,0.229067
326,0.482604,0.465035,0.5,102.8,0.311698,0.08043,0.118146
327,0.443322,0.428904,0.457471,100.5,0.274186,0.054126,0.075423
328,0.40853,0.420746,0.413793,99.0,0.249753,0.071736,0.098764
329,0.398429,0.397436,0.390805,97.6,0.226802,0.046195,0.061307
330,0.419753,0.409091,0.411494,100.5,0.274186,0.042738,0.058046
331,0.426487,0.428904,0.433333,101.5,0.290474,0.039922,0.05482
332,0.452301,0.449883,0.443678,103.4,0.32157,0.062833,0.089514
333,0.494949,0.479021,0.477011,105.0,0.34773,0.13953,0.208487
334,0.505051,0.487179,0.522989,108.5,0.404738,0.072843,0.109649
335,0.571268,0.518648,0.522989,113.9,0.492843,0.128055,0.201874
336,0.578002,0.548951,0.577011,113.7,0.489635,0.107123,0.172606
337,0.565657,0.578089,0.570115,113.0,0.478282,0.053946,0.086996
338,0.561167,0.541958,0.574713,110.8,0.442251,0.09814,0.155246
339,0.542088,0.537296,0.549425,111.1,0.447187,0.030021,0.046765
340,0.571268,0.575758,0.583908,112.6,0.471619,0.055606,0.089815
341,0.571268,0.578089,0.568966,114.0,0.494571,0.044457,0.071976
342,0.578002,0.589744,0.586207,115.0,0.510859,0.062777,0.102647
343,0.575758,0.589744,0.590805,114.4,0.501234,0.03887,0.063406
344,0.607183,0.596737,0.591954,117.6,0.553307,0.062766,0.104453
345,0.611672,0.609557,0.632184,117.6,0.553307,0.034084,0.057499
346,0.609428,0.607226,0.628736,115.0,0.510859,0.040081,0.066711
347,0.589226,0.604895,0.597701,114.8,0.507651,0.035106,0.057798
348,0.580247,0.589744,0.58046,115.0,0.510859,0.044648,0.072978
349,0.600449,0.608392,0.598851,116.1,0.528875,0.037143,0.06197
350,0.600449,0.615385,0.610345,116.0,0.527147,0.029712,0.04965
351,0.612795,0.614219,0.611494,116.6,0.537019,0.050321,0.084136
352,0.61055,0.630536,0.62069,117.8,0.556515,0.022215,0.037836
353,0.62514,0.62704,0.629885,119.2,0.579467,0.038554,0.065897
354,0.672278,0.655012,0.645977,122.8,0.638203,0.055,0.097289
355,0.701459,0.701632,0.690805,125.0,0.674235,0.068633,0.124483
356,0.701459,0.698135,0.724138,123.0,0.641412,0.046493,0.084408
357,0.690236,0.677156,0.689655,122.3,0.630059,0.039598,0.071355
358,0.631874,0.602564,0.632184,118.0,0.55997,0.10169,0.171078
359,0.64422,0.572261,0.655172,112.0,0.461994,0.085619,0.14114
360,0.606061,0.595571,0.593103,117.0,0.543682,0.027452,0.045564
361,0.602694,0.611888,0.62069,115.6,0.520731,0.011586,0.019314
362,0.59596,0.596737,0.604598,115.2,0.514067,0.012046,0.019871
363,0.594837,0.607226,0.6,115.0,0.510859,0.046944,0.077322
364,0.588103,0.604895,0.597701,115.4,0.517522,0.028548,0.047038
365,0.593715,0.614219,0.609195,116.0,0.527147,0.037931,0.063049
366,0.616162,0.623543,0.613793,117.1,0.545163,0.022959,0.038944
367,0.594837,0.610723,0.614943,116.4,0.53381,0.014422,0.02394
368,0.601571,0.611888,0.616092,115.9,0.525666,0.010732,0.017886
369,0.570146,0.550117,0.586207,111.9,0.484205,0.059757,0.094916
370,0.561167,0.571096,0.574713,112.7,0.497532,0.025211,0.040073
371,0.578002,0.572261,0.571264,114.7,0.530602,0.008542,0.013553
372,0.57688,0.583916,0.595402,113.0,0.502468,0.021499,0.034581
373,0.569024,0.581585,0.574713,114.1,0.520484,0.021921,0.035452
374,0.59596,0.599068,0.591954,116.5,0.560217,0.05022,0.082828
375,0.601571,0.618881,0.614943,116.0,0.552073,0.036086,0.060289
376,0.589226,0.613054,0.609195,115.5,0.543682,0.013394,0.022219
377,0.597082,0.613054,0.603448,115.9,0.550346,0.061739,0.102637
378,0.593715,0.610723,0.609195,115.3,0.540474,0.019424,0.032233
379,0.586981,0.599068,0.601149,114.8,0.532083,0.0322,0.053025
380,0.580247,0.594406,0.588506,115.2,0.538746,0.022011,0.03577
381,0.600449,0.618881,0.609195,116.0,0.552073,0.035609,0.059505
382,0.606061,0.621212,0.617241,117.5,0.576752,0.040278,0.067576
383,0.604938,0.624709,0.617241,116.8,0.565153,0.014937,0.025197
384,0.597082,0.613054,0.605747,115.7,0.547137,0.009724,0.016193
385,0.592593,0.602564,0.605747,116.0,0.552073,0.064535,0.106222
386,0.589226,0.596737,0.602299,114.1,0.520484,0.037349,0.06132
387,0.573513,0.589744,0.588506,114.2,0.522211,0.023704,0.038362
388,0.569024,0.537296,0.588506,111.1,0.470879,0.097807,0.1557
389,0.494949,0.472028,0.506897,103.4,0.343534,0.109329,0.162463
390,0.520763,0.479021,0.471264,109.9,0.451135,0.053613,0.080183
391,0.50954,0.496503,0.522989,106.0,0.386723,0.058722,0.087734
392,0.516274,0.511655,0.517241,109.0,0.436328,0.036261,0.054983
393,0.512907,0.508159,0.505747,107.0,0.403258,0.027217,0.040593
394,0.521886,0.522145,0.517241,109.2,0.439536,0.028192,0.042742
395,0.536476,0.547786,0.551724,111.3,0.474334,0.02364,0.03641
396,0.56229,0.548951,0.557471,112.1,0.487414,0.029528,0.046778
397,0.589226,0.573427,0.565517,114.8,0.532083,0.052165,0.084979
398,0.589226,0.604895,0.597701,115.5,0.543682,0.04199,0.069303
399,0.594837,0.601399,0.609195,114.5,0.527147,0.054661,0.090201
400,0.578002,0.595571,0.596552,114.5,0.527147,0.027812,0.045362
401,0.588103,0.601399,0.591954,115.6,0.54541,0.056543,0.093485
402,0.59596,0.617716,0.609195,116.4,0.55849,0.046339,0.077121
403,0.611672,0.621212,0.616092,116.7,0.563672,0.06477,0.109032
404,0.61055,0.610723,0.62069,117.0,0.568608,0.030429,0.050942
405,0.604938,0.614219,0.62069,115.6,0.54541,0.015946,0.026667
406,0.589226,0.606061,0.609195,115.3,0.540474,0.03402,0.056211
407,0.586981,0.602564,0.601149,115.2,0.538746,0.047072,0.077526
408,0.589226,0.608392,0.603448,115.6,0.54541,0.02938,0.048539
409,0.607183,0.618881,0.614943,116.5,0.560217,0.060131,0.100569
410,0.61055,0.628205,0.62069,117.3,0.573544,0.068092,0.114594
411,0.613917,0.629371,0.632184,117.1,0.570089,0.079099,0.133635
412,0.61055,0.630536,0.626437,117.2,0.571816,0.025288,0.042807
413,0.634119,0.632867,0.629885,119.3,0.606614,0.05124,0.087491
414,0.645342,0.659674,0.658621,121.0,0.634748,0.065268,0.113252
415,0.670034,0.667832,0.666667,123.2,0.671027,0.056356,0.100082
416,0.687991,0.706294,0.695402,124.7,0.695953,0.083598,0.150008
417,0.690236,0.701632,0.697701,125.0,0.700888,0.069,0.124333
418,0.728395,0.722611,0.712644,126.0,0.717423,0.091345,0.167702
419,0.717172,0.710956,0.722989,124.2,0.687562,0.073675,0.133515
420,0.67789,0.682984,0.683908,123.8,0.680898,0.064685,0.11506
421,0.694725,0.716783,0.712644,124.7,0.695953,0.027624,0.051075
422,0.686869,0.706294,0.703448,123.8,0.680898,0.032814,0.059757
423,0.690236,0.712121,0.705747,124.2,0.687562,0.044193,0.080422
424,0.689113,0.712121,0.703448,124.8,0.697433,0.029238,0.053645
425,0.690236,0.710956,0.712644,124.2,0.687562,0.021692,0.040203
426,0.699214,0.712121,0.701149,124.5,0.692498,0.052931,0.096179
427,0.705948,0.714452,0.708046,126.4,0.724087,0.045623,0.083726
428,0.748597,0.740093,0.728736,130.1,0.785291,0.112229,0.209277
429,0.748597,0.764569,0.771264,129.6,0.7769,0.046609,0.089173
430,0.748597,0.771562,0.768966,129.2,0.770237,0.036941,0.071082
431,0.734007,0.750583,0.749425,127.3,0.738894,0.059161,0.110783
432,0.723906,0.752914,0.744828,127.7,0.745558,0.035424,0.067004
433,0.73064,0.750583,0.747126,128.3,0.755429,0.090933,0.16868
434,0.551066,0.525641,0.54023,109.2,0.835143,0.235707,0.369935
435,0.537598,0.531469,0.54023,108.9,0.82922,0.055605,0.08577
436,0.515152,0.524476,0.528736,109.3,0.837117,0.068546,0.105249
437,0.523008,0.51049,0.534483,108.0,0.810958,0.124202,0.191663
438,0.510662,0.513986,0.517241,107.3,0.79689,0.055376,0.083806
439,0.499439,0.508159,0.509195,107.0,0.790721,0.084941,0.128483
440,0.499439,0.508159,0.503448,108.0,0.810958,0.090162,0.136625
441,0.498316,0.511655,0.516092,106.9,0.788746,0.050499,0.075958
442,0.489338,0.509324,0.505747,106.7,0.784798,0.033979,0.050238
443,0.497194,0.509324,0.503448,107.0,0.790721,0.044915,0.067184
444,0.499439,0.512821,0.505747,107.1,0.792942,0.028114,0.04164
445,0.496072,0.511655,0.506897,107.4,0.798865,0.049223,0.07385
446,0.498316,0.513986,0.514943,107.5,0.800839,0.075831,0.11493
447,0.499439,0.512821,0.511494,107.4,0.798865,0.065443,0.099045
448,0.502806,0.518648,0.510345,107.7,0.805035,0.064485,0.098146
449,0.494949,0.502331,0.509195,106.2,0.774679,0.090032,0.135526
450,0.487093,0.502331,0.5,106.4,0.778628,0.025574,0.037275
451,0.485971,0.491841,0.503448,106.7,0.784798,0.103042,0.154332
452,0.521886,0.515152,0.511494,110.0,0.851185,0.128158,0.197521
453,0.549944,0.548951,0.551724,110.5,0.861303,0.097819,0.155599
454,0.533109,0.538462,0.54023,109.6,0.843287,0.069437,0.108255
455,0.510662,0.508159,0.528736,107.4,0.798865,0.111983,0.171323
456,0.49046,0.497669,0.5,106.9,0.788746,0.06954,0.104329
457,0.499439,0.494172,0.505747,108.0,0.810958,0.11555,0.17391
458,0.499439,0.513986,0.505747,107.6,0.802813,0.028535,0.042412
459,0.499439,0.513986,0.512644,107.7,0.805035,0.028673,0.042659
460,0.515152,0.518648,0.517241,108.0,0.810958,0.051312,0.07824
461,0.515152,0.525641,0.517241,108.8,0.826999,0.07759,0.119834
462,0.515152,0.525641,0.531034,108.8,0.826999,0.035418,0.053976
463,0.515152,0.531469,0.528736,108.8,0.826999,0.038083,0.058112
464,0.512907,0.519814,0.529885,107.5,0.800839,0.097037,0.14903
465,0.498316,0.502331,0.516092,107.5,0.800839,0.103385,0.156602
466,0.493827,0.51049,0.511494,107.0,0.790721,0.038464,0.05727
467,0.492705,0.513986,0.505747,107.4,0.798865,0.039178,0.058568
468,0.507295,0.513986,0.511494,107.1,0.792942,0.110162,0.168414
469,0.496072,0.513986,0.508046,107.6,0.802813,0.065951,0.099632
470,0.516274,0.52331,0.517241,109.4,0.839092,0.149715,0.231981
471,0.518519,0.537296,0.533333,109.7,0.845262,0.137447,0.214062
472,0.538721,0.538462,0.53908,110.9,0.869447,0.121193,0.190196
473,0.536476,0.54662,0.551724,110.6,0.863277,0.087797,0.137788
474,0.531987,0.537296,0.547126,109.6,0.843287,0.079787,0.124316
475,0.533109,0.538462,0.545977,110.5,0.861303,0.091944,0.143664
476,0.531987,0.540793,0.550575,109.9,0.84921,0.058378,0.090686
477,0.520763,0.5338,0.53908,109.8,0.847236,0.122268,0.189712
478,0.521886,0.525641,0.537931,108.2,0.814906,0.115714,0.17877
479,0.519641,0.516317,0.509195,109.7,0.845262,0.106428,0.164326
480,0.519641,0.5338,0.535632,109.0,0.831194,0.050818,0.078356
481,0.520763,0.534965,0.528736,109.5,0.841313,0.040099,0.061655
482,0.518519,0.534965,0.534483,109.0,0.831194,0.062252,0.096028
483,0.531987,0.534965,0.54023,110.0,0.851185,0.081381,0.126747
484,0.525253,0.537296,0.541379,109.2,0.835143,0.057328,0.088637
485,0.523008,0.540793,0.54023,109.7,0.845262,0.068519,0.106495
486,0.565657,0.552448,0.543678,112.0,0.891658,0.278158,0.44596
487,0.553311,0.56993,0.563218,112.6,0.903751,0.097072,0.155331
488,0.560045,0.576923,0.572414,113.4,0.919793,0.108444,0.174744
489,0.558923,0.558275,0.574713,111.2,0.87537,0.206063,0.32906
490,0.547699,0.55711,0.554023,111.6,0.883514,0.0879,0.139276
491,0.533109,0.552448,0.551724,110.4,0.859329,0.128401,0.202277
492,0.533109,0.548951,0.545977,110.4,0.859329,0.147135,0.231452
493,0.537598,0.551282,0.544828,111.0,0.871422,0.099139,0.15604
494,0.531987,0.54662,0.550575,109.9,0.84921,0.095579,0.149602
495,0.537598,0.547786,0.53908,110.2,0.85538,0.103523,0.162576
496,0.527497,0.525641,0.542529,108.7,0.825025,0.107297,0.165903
497,0.511785,0.526807,0.526437,109.0,0.831194,0.071086,0.109263
498,0.518519,0.529138,0.529885,108.7,0.825025,0.097425,0.150473
499,0.515152,0.532634,0.528736,109.2,0.835143,0.049248,0.075588
500,0.52413,0.532634,0.526437,108.8,0.826999,0.075929,0.117953
501,0.520763,0.534965,0.528736,108.8,0.826999,0.034594,0.052862
502,0.519641,0.537296,0.536782,109.3,0.837117,0.097152,0.150773
503,0.544332,0.530303,0.527586,110.8,0.888203,0.179281,0.281125
504,0.536476,0.54662,0.551724,109.8,0.86772,0.122232,0.19296
505,0.530864,0.54662,0.54023,110.4,0.880059,0.104501,0.163917
506,0.554433,0.559441,0.557471,112.0,0.912636,0.146181,0.233741
507,0.589226,0.578089,0.568966,115.9,0.991856,0.207547,0.340385
508,0.597082,0.611888,0.614943,116.3,1.0,0.099322,0.16534
509,0.602694,0.597902,0.612644,114.5,0.963475,0.107788,0.178927
510,0.571268,0.579254,0.590805,113.1,0.934847,0.163304,0.264262
511,0.581369,0.585082,0.58046,113.9,0.951135,0.088821,0.144056
512,0.579125,0.587413,0.588506,113.3,0.939042,0.112693,0.184364
513,0.558923,0.513986,0.578161,107.7,0.825025,0.162724,0.255589
514,0.516274,0.502331,0.526437,109.0,0.851431,0.148131,0.227823
515,0.529742,0.534965,0.53908,110.3,0.878085,0.108248,0.168827
516,0.530864,0.5338,0.542529,108.7,0.845508,0.103351,0.160694
517,0.518519,0.525641,0.527586,108.2,0.835143,0.109378,0.168743
518,0.505051,0.490676,0.518391,106.7,0.804788,0.111395,0.168441
519,0.485971,0.461538,0.494253,103.3,0.735439,0.138075,0.204901
520,0.430976,0.386946,0.425287,96.1,0.589092,0.205712,0.284852
521,0.441077,0.385781,0.37931,102.8,0.725321,0.185347,0.262762
522,0.468013,0.455711,0.45977,102.7,0.723346,0.127583,0.187178
523,0.488215,0.459207,0.451724,106.4,0.798618,0.147518,0.220336
524,0.518519,0.506993,0.498851,109.7,0.865745,0.133414,0.205385
525,0.518519,0.513986,0.536782,108.8,0.847483,0.077854,0.119319
526,0.521886,0.532634,0.524138,109.6,0.863771,0.093875,0.145829
527,0.517396,0.47669,0.486207,105.3,0.77616,0.194502,0.292664
528,0.50954,0.48951,0.517241,108.0,0.831194,0.079526,0.120023
529,0.50954,0.517483,0.517241,108.7,0.845508,0.124589,0.190799
530,0.510662,0.519814,0.525287,109.0,0.851431,0.123396,0.189706
531,0.502806,0.515152,0.514943,108.0,0.831194,0.116167,0.177633
532,0.497194,0.517483,0.510345,107.5,0.821076,0.131004,0.200099
533,0.499439,0.504662,0.511494,107.0,0.810958,0.133026,0.201611
534,0.498316,0.496503,0.505747,105.8,0.786525,0.121173,0.183077
535,0.480359,0.481352,0.493103,104.6,0.762093,0.192169,0.287333
536,0.464646,0.472028,0.466667,104.8,0.766041,0.147849,0.217465
537,0.47587,0.490676,0.488506,105.6,0.78233,0.091374,0.135911
538,0.482604,0.479021,0.496552,104.9,0.768016,0.133107,0.198774
539,0.464646,0.479021,0.48046,104.5,0.759872,0.109211,0.160789
540,0.47138,0.467366,0.485057,103.4,0.73766,0.118974,0.17518
541,0.444444,0.452214,0.46092,103.0,0.729516,0.187603,0.271806
542,0.450056,0.452214,0.464368,102.2,0.713228,0.140682,0.203586
543,0.426487,0.434732,0.437931,100.5,0.678677,0.185414,0.26403
544,0.43771,0.43007,0.431034,101.1,0.69077,0.149454,0.212579
545,0.452301,0.456876,0.454023,102.8,0.725321,0.102776,0.1487
546,0.446689,0.452214,0.45977,102.2,0.713228,0.116555,0.168967
547,0.443322,0.456876,0.457471,102.2,0.713228,0.100975,0.145446
548,0.435466,0.433566,0.450575,101.0,0.688796,0.184417,0.263766
549,0.420875,0.433566,0.436782,100.5,0.678677,0.157938,0.224059
550,0.43771,0.444056,0.436782,102.5,0.719151,0.109311,0.156575
551,0.434343,0.448718,0.450575,101.7,0.70311,0.099059,0.141697
552,0.429854,0.439394,0.444828,100.8,0.6846,0.150651,0.215284
553,0.417508,0.428904,0.432184,100.2,0.672507,0.205171,0.291104
554,0.409652,0.414918,0.42069,98.7,0.641905,0.139915,0.195802
555,0.406285,0.412587,0.413793,98.5,0.637957,0.138023,0.191943
556,0.392817,0.392774,0.402299,97.4,0.615499,0.162025,0.222795
557,0.40853,0.40676,0.403448,99.0,0.648075,0.120661,0.167656
558,0.410774,0.416084,0.42069,99.2,0.652024,0.111084,0.154939
559,0.399551,0.409091,0.414943,98.4,0.635735,0.121873,0.168773
560,0.420875,0.409091,0.408046,101.0,0.688796,0.254981,0.362088
561,0.454545,0.456876,0.454023,102.7,0.723346,0.17095,0.249984
562,0.460157,0.458042,0.477011,102.6,0.721372,0.122213,0.17837
563,0.439955,0.441725,0.455172,101.5,0.698914,0.15239,0.219055
564,0.420875,0.432401,0.436782,100.1,0.670533,0.154838,0.219722
565,0.415264,0.425408,0.429885,99.9,0.666338,0.159634,0.225117
566,0.409652,0.423077,0.424138,99.8,0.664363,0.117135,0.163955
567,0.413019,0.426573,0.425287,100.0,0.668312,0.161004,0.227175
568,0.428732,0.428904,0.434483,100.0,0.668312,0.168991,0.240485
569,0.409652,0.41958,0.425287,99.3,0.654245,0.154589,0.216461
570,0.415264,0.41958,0.42069,99.1,0.650049,0.157028,0.220604
571,0.395062,0.390443,0.409195,96.9,0.60538,0.220602,0.304447
572,0.381594,0.375291,0.389655,96.1,0.589092,0.261157,0.354613
573,0.420875,0.39627,0.390805,99.3,0.654245,0.321727,0.451257
574,0.40404,0.397436,0.417241,98.0,0.627591,0.138674,0.191879
575,0.40853,0.395105,0.402299,99.5,0.658193,0.157382,0.217556
576,0.398429,0.385781,0.390805,96.0,0.587117,0.228708,0.314075
577,0.37037,0.374126,0.37931,95.7,0.580948,0.137865,0.184592
578,0.362514,0.356643,0.375862,93.7,0.540227,0.227822,0.304303
579,0.344557,0.333333,0.352874,93.5,0.536032,0.298372,0.391307
580,0.331089,0.333333,0.344828,91.6,0.497532,0.184019,0.237553
581,0.331089,0.334499,0.328736,92.0,0.505676,0.168665,0.218207
582,0.319865,0.311189,0.333333,89.6,0.456811,0.343832,0.440539
583,0.28844,0.278555,0.298851,87.0,0.403751,0.3101,0.383391
584,0.331089,0.270396,0.275862,93.0,0.525913,0.378724,0.489835
585,0.347924,0.329837,0.350575,91.2,0.489388,0.188053,0.245643
586,0.32211,0.315851,0.311494,91.8,0.501481,0.140255,0.177482
587,0.316498,0.321678,0.321839,90.5,0.475074,0.136379,0.172623
588,0.310887,0.310023,0.322989,89.5,0.454837,0.197357,0.249633
589,0.297419,0.283217,0.304598,87.2,0.407947,0.226586,0.280413
590,0.274972,0.278555,0.281609,87.0,0.403751,0.129275,0.156018
591,0.286195,0.282051,0.285057,87.5,0.414116,0.155912,0.190861
592,0.276094,0.280886,0.286207,88.0,0.424235,0.121149,0.1465
593,0.306397,0.282051,0.286207,89.2,0.448667,0.175875,0.21834
594,0.318743,0.310023,0.310345,91.2,0.489388,0.195374,0.249177
595,0.310887,0.315851,0.324138,90.5,0.475074,0.120704,0.151705
596,0.318743,0.307692,0.310345,91.0,0.485192,0.167755,0.212062
597,0.315376,0.315851,0.326437,90.5,0.475074,0.12708,0.160903
598,0.316498,0.320513,0.321839,91.1,0.487167,0.136561,0.17323
599,0.319865,0.318182,0.331034,90.5,0.475074,0.135301,0.171144
600,0.305275,0.314685,0.316092,89.9,0.462981,0.099083,0.123274
601,0.292929,0.304196,0.305747,89.4,0.452616,0.162921,0.203116
602,0.306397,0.31352,0.310345,90.2,0.468904,0.160841,0.202895
603,0.308642,0.305361,0.313793,89.5,0.454837,0.205655,0.259669
604,0.292929,0.292541,0.304598,89.4,0.475321,0.165996,0.206166
605,0.312009,0.308858,0.304598,89.7,0.481491,0.24941,0.318033
606,0.298541,0.301865,0.308046,89.1,0.469151,0.131354,0.163043
607,0.337823,0.299534,0.303448,92.2,0.53307,0.256193,0.328175
608,0.325477,0.329837,0.335632,92.0,0.528875,0.127852,0.163611
609,0.3367,0.333333,0.33908,92.5,0.53924,0.22054,0.288028
610,0.333333,0.340326,0.34023,92.9,0.547384,0.204237,0.266957
611,0.331089,0.331002,0.341379,91.8,0.524679,0.132681,0.170535
612,0.32211,0.325175,0.321839,91.0,0.508391,0.101425,0.128042
613,0.327722,0.332168,0.326437,92.1,0.531096,0.129356,0.166142
614,0.320988,0.322844,0.333333,90.6,0.5,0.18789,0.240981
615,0.314254,0.322844,0.321839,90.6,0.5,0.094431,0.118337
616,0.306397,0.312354,0.317241,90.0,0.48766,0.147825,0.185865
617,0.299663,0.296037,0.309195,88.7,0.461007,0.189395,0.236338
618,0.296296,0.300699,0.295402,89.7,0.481491,0.086598,0.105585
619,0.299663,0.304196,0.310345,89.2,0.471125,0.075512,0.091846
620,0.316498,0.304196,0.308046,91.0,0.508391,0.19625,0.249993
621,0.309764,0.318182,0.321839,90.4,0.496051,0.088337,0.109864
622,0.312009,0.320513,0.317241,90.9,0.50617,0.169585,0.215883
623,0.308642,0.317016,0.321839,90.1,0.489882,0.118773,0.149186
624,0.301908,0.299534,0.311494,89.2,0.471125,0.127401,0.157921
625,0.295174,0.280886,0.303448,87.0,0.425962,0.212482,0.263877
626,0.295174,0.276224,0.275862,89.8,0.483712,0.214005,0.263968
627,0.290685,0.292541,0.289655,88.4,0.454837,0.078434,0.094261
628,0.279461,0.27972,0.290805,87.0,0.425962,0.133491,0.161842
629,0.274972,0.249417,0.281609,86.3,0.411402,0.218528,0.264369
630,0.258137,0.248252,0.265517,84.3,0.370188,0.125116,0.146436
631,0.249158,0.249417,0.252874,85.0,0.384748,0.187249,0.22164
632,0.255892,0.251748,0.252874,85.2,0.388944,0.144318,0.170447
633,0.25477,0.261072,0.258621,85.9,0.403258,0.05643,0.063819
634,0.241302,0.245921,0.245977,85.0,0.384748,0.183967,0.216661
635,0.252525,0.249417,0.252874,85.9,0.403258,0.140638,0.165123
636,0.251403,0.259907,0.257471,85.3,0.390918,0.068244,0.077835
637,0.264871,0.261072,0.258621,86.8,0.421767,0.0901,0.105896
638,0.295174,0.270396,0.273563,87.6,0.438302,0.184685,0.225734
639,0.28844,0.291375,0.287356,88.9,0.464956,0.120718,0.148262
640,0.291807,0.286713,0.297701,87.5,0.436328,0.101397,0.123264
641,0.268238,0.276224,0.277011,86.9,0.423741,0.066773,0.077727
642,0.271605,0.269231,0.275862,86.8,0.421767,0.113858,0.135844
643,0.265993,0.268065,0.273563,86.1,0.407453,0.198028,0.238857
644,0.262626,0.269231,0.266667,86.5,0.415597,0.110312,0.130931
645,0.26936,0.276224,0.271264,87.1,0.427937,0.117034,0.140728
646,0.26936,0.280886,0.281609,87.1,0.427937,0.124623,0.150183
647,0.264871,0.276224,0.274713,86.6,0.417572,0.122735,0.147023
648,0.279461,0.276224,0.274713,87.2,0.429911,0.176728,0.215661
649,0.27385,0.280886,0.278161,87.7,0.440276,0.117834,0.141943
650,0.297419,0.292541,0.287356,89.4,0.475321,0.266446,0.335216
651,0.313131,0.31352,0.309195,90.9,0.50617,0.242353,0.310623
652,0.314254,0.319347,0.31954,90.5,0.498026,0.192403,0.245145
653,0.30303,0.306527,0.314943,89.9,0.485686,0.18367,0.231567
654,0.304153,0.304196,0.309195,89.5,0.477295,0.143681,0.179228
655,0.298541,0.305361,0.305747,89.3,0.473346,0.092486,0.113368
656,0.30752,0.308858,0.304598,90.0,0.48766,0.212635,0.269675
657,0.30303,0.31352,0.316092,90.3,0.49383,0.133644,0.167628
658,0.300786,0.280886,0.313793,87.8,0.442498,0.194272,0.242143
659,0.272727,0.269231,0.283908,86.0,0.405232,0.195695,0.237607
660,0.263749,0.265734,0.265517,86.3,0.411402,0.100798,0.119028
661,0.264871,0.269231,0.268966,86.9,0.423741,0.067252,0.077708
662,0.271605,0.277389,0.274713,87.0,0.425962,0.077816,0.091885
663,0.26936,0.277389,0.28046,87.0,0.425962,0.099418,0.118438
664,0.270483,0.280886,0.277011,87.4,0.434107,0.193275,0.236366
665,0.270483,0.282051,0.281609,87.4,0.434107,0.128657,0.15543
666,0.283951,0.283217,0.28046,88.1,0.448667,0.151312,0.185485
667,0.283951,0.294872,0.290805,88.3,0.452616,0.140873,0.173225
668,0.272727,0.272727,0.285057,86.3,0.442251,0.112607,0.134527
669,0.255892,0.261072,0.267816,85.4,0.423495,0.16339,0.194388
670,0.246914,0.257576,0.257471,85.2,0.419299,0.104472,0.121895
671,0.263749,0.257576,0.255172,86.5,0.446446,0.1768,0.211481
672,0.268238,0.272727,0.270115,87.2,0.461007,0.128609,0.15492
673,0.267116,0.276224,0.278161,87.0,0.456811,0.105934,0.126577
674,0.261504,0.270396,0.273563,86.1,0.438055,0.10316,0.121965
675,0.258137,0.268065,0.270115,86.4,0.444225,0.074434,0.086261
676,0.279461,0.272727,0.268966,86.5,0.446446,0.240542,0.294472
677,0.287318,0.284382,0.282759,88.7,0.492596,0.247972,0.308176
678,0.285073,0.289044,0.287356,88.8,0.494571,0.135321,0.16569
679,0.316498,0.298368,0.293103,91.5,0.551333,0.468466,0.603385
680,0.324355,0.320513,0.327586,90.8,0.536525,0.175803,0.225106
681,0.313131,0.321678,0.321839,90.7,0.534551,0.130228,0.164452
682,0.313131,0.301865,0.317241,88.8,0.494571,0.229106,0.291018
683,0.296296,0.292541,0.296552,89.3,0.505183,0.166983,0.207289
684,0.298541,0.300699,0.302299,89.6,0.511352,0.119372,0.14777
685,0.305275,0.311189,0.309195,89.6,0.511352,0.121097,0.151316
686,0.301908,0.305361,0.302299,89.8,0.515548,0.169292,0.212433
687,0.309764,0.317016,0.316092,90.2,0.523939,0.133591,0.168525
688,0.300786,0.311189,0.313793,89.6,0.511352,0.095638,0.118105
689,0.298541,0.306527,0.305747,89.3,0.505183,0.106681,0.131664
690,0.290685,0.301865,0.302299,88.8,0.494571,0.129835,0.160299
691,0.297419,0.300699,0.297701,89.6,0.511352,0.112435,0.138292
692,0.301908,0.310023,0.310345,90.0,0.519743,0.105546,0.130951
693,0.312009,0.317016,0.314943,90.4,0.528134,0.160233,0.203149
694,0.312009,0.315851,0.321839,90.1,0.521964,0.168703,0.214501
695,0.30303,0.311189,0.312644,90.0,0.519743,0.083105,0.102105
696,0.305275,0.311189,0.310345,90.0,0.519743,0.140576,0.176771
697,0.298541,0.306527,0.310345,89.8,0.515548,0.097449,0.120164
698,0.30303,0.31352,0.308046,90.3,0.52616,0.27369,0.348131
699,0.304153,0.304196,0.314943,90.0,0.519743,0.153727,0.193411
700,0.298541,0.305361,0.310345,89.1,0.500987,0.127665,0.159124
701,0.30303,0.306527,0.304598,90.5,0.530355,0.20198,0.255331
702,0.304153,0.314685,0.316092,90.1,0.521964,0.119664,0.149587
703,0.299663,0.308858,0.310345,89.6,0.511352,0.065609,0.079426
704,0.304153,0.312354,0.310345,90.4,0.528134,0.157052,0.197975
705,0.314254,0.321678,0.316092,90.6,0.53233,0.183104,0.233754
706,0.308642,0.319347,0.317241,90.7,0.534551,0.166566,0.211389
707,0.312009,0.31352,0.31954,90.0,0.519743,0.230539,0.293628
708,0.297419,0.304196,0.310345,89.2,0.502962,0.221201,0.277854
709,0.291807,0.294872,0.3,88.2,0.481984,0.252773,0.316332
710,0.282828,0.293706,0.291954,88.4,0.48618,0.107376,0.130428
711,0.290685,0.298368,0.294253,89.2,0.502962,0.114159,0.140641
712,0.309764,0.311189,0.306897,90.8,0.536525,0.282663,0.361569
713,0.309764,0.312354,0.321839,89.8,0.515548,0.164003,0.207144
714,0.298541,0.307692,0.310345,89.7,0.513574,0.11471,0.142312
715,0.301908,0.307692,0.308046,89.6,0.511352,0.148941,0.186479
716,0.298541,0.305361,0.310345,89.3,0.505183,0.088567,0.10858
717,0.292929,0.304196,0.304598,89.0,0.498766,0.143546,0.178265
718,0.289562,0.298368,0.298851,88.6,0.490375,0.142766,0.176421
719,0.292929,0.299534,0.294253,88.8,0.494571,0.107443,0.131723
720,0.283951,0.292541,0.296552,88.0,0.477789,0.173825,0.214635
721,0.279461,0.269231,0.287356,86.1,0.438055,0.233768,0.2859
722,0.258137,0.268065,0.264368,86.2,0.44003,0.154546,0.184933
723,0.260382,0.269231,0.270115,86.3,0.442251,0.092323,0.108487
724,0.26936,0.275058,0.270115,87.5,0.467423,0.088763,0.105258
725,0.277217,0.283217,0.281609,87.5,0.467423,0.091202,0.108902
726,0.283951,0.286713,0.282759,88.3,0.484205,0.131459,0.160563
727,0.27385,0.283217,0.285057,87.5,0.467423,0.122845,0.148752
728,0.283951,0.287879,0.282759,87.6,0.469398,0.139192,0.170486
729,0.281706,0.285548,0.287356,87.5,0.467423,0.077744,0.092754
730,0.274972,0.285548,0.281609,87.4,0.465202,0.047064,0.053803
731,0.274972,0.2669,0.282759,85.8,0.431639,0.125935,0.151249
732,0.259259,0.261072,0.264368,85.3,0.421273,0.138765,0.16533
733,0.258137,0.262238,0.262069,86.5,0.446446,0.060282,0.068495
734,0.258137,0.265734,0.267816,86.0,0.435834,0.048999,0.054829
735,0.264871,0.265734,0.263218,87.0,0.456811,0.056444,0.064117
736,0.263749,0.2669,0.270115,86.3,0.442251,0.058126,0.066238
737,0.261504,0.269231,0.267816,86.4,0.444225,0.058638,0.067102
738,0.262626,0.271562,0.268966,86.3,0.442251,0.067046,0.077591
739,0.260382,0.272727,0.268966,86.3,0.442251,0.045147,0.050409
740,0.259259,0.269231,0.267816,86.6,0.448421,0.064129,0.073821
741,0.260382,0.265734,0.271264,85.7,0.429664,0.114428,0.135471
742,0.255892,0.264569,0.264368,85.7,0.429664,0.073552,0.08481
743,0.252525,0.263403,0.262069,85.5,0.425469,0.044132,0.048522
744,0.25477,0.261072,0.26092,85.4,0.423495,0.075344,0.086709
745,0.245791,0.251748,0.257471,84.7,0.408687,0.089879,0.103521
746,0.252525,0.254079,0.249425,86.0,0.435834,0.042,0.045792
747,0.257015,0.265734,0.264368,86.1,0.438055,0.041516,0.045604
748,0.25477,0.259907,0.266667,85.5,0.425469,0.060972,0.069232
749,0.248036,0.258741,0.258621,85.2,0.419299,0.032274,0.033718
750,0.248036,0.258741,0.256322,85.3,0.421273,0.029769,0.030746
751,0.26936,0.261072,0.258621,86.4,0.444225,0.098374,0.116005
752,0.268238,0.277389,0.278161,86.7,0.450642,0.077318,0.091049
753,0.263749,0.269231,0.273563,86.2,0.44003,0.136676,0.163544
754,0.253648,0.261072,0.265517,85.4,0.423495,0.123435,0.145626
755,0.248036,0.257576,0.256322,85.2,0.419299,0.109335,0.127605
756,0.241302,0.240093,0.250575,83.7,0.417078,0.089812,0.102469
757,0.230079,0.240093,0.236782,83.7,0.417078,0.074606,0.083463
758,0.227834,0.230769,0.23908,83.1,0.404245,0.091595,0.102855
759,0.226712,0.2331,0.234483,83.1,0.404245,0.068982,0.075978
760,0.242424,0.230769,0.231034,84.7,0.438302,0.107548,0.123738
761,0.241302,0.2331,0.252874,82.9,0.400049,0.087609,0.099133
762,0.224467,0.229604,0.228736,83.4,0.410661,0.087609,0.09809
763,0.224467,0.230769,0.228736,82.8,0.397828,0.049723,0.05303
764,0.2211,0.2331,0.229885,83.1,0.404245,0.022276,0.02043
765,0.222222,0.228438,0.229885,82.6,0.393633,0.062505,0.067997
766,0.215488,0.210956,0.225287,81.0,0.359576,0.093444,0.102739
767,0.196409,0.188811,0.201149,79.2,0.321076,0.16705,0.183787
768,0.190797,0.191142,0.187356,79.7,0.331688,0.05655,0.057955
769,0.223345,0.200466,0.196552,83.1,0.404245,0.084667,0.092734
770,0.232323,0.231935,0.229885,83.1,0.404245,0.09513,0.107627
771,0.230079,0.2331,0.232184,83.5,0.412636,0.050422,0.054039
772,0.224467,0.222611,0.234483,82.0,0.3808,0.116761,0.132184
773,0.226712,0.222611,0.218391,82.8,0.397828,0.073183,0.080746
774,0.222222,0.226107,0.227586,82.7,0.395607,0.064234,0.069913
775,0.214366,0.221445,0.224138,82.0,0.3808,0.064814,0.070043
776,0.207632,0.210956,0.212644,81.1,0.36155,0.129356,0.144097
777,0.20202,0.210956,0.208046,81.2,0.363771,0.057182,0.060056
778,0.199776,0.202797,0.209195,80.4,0.346742,0.122328,0.134576
779,0.198653,0.203963,0.201149,80.8,0.355133,0.072628,0.077388
780,0.194164,0.200466,0.196552,80.6,0.350938,0.073605,0.078156
781,0.203143,0.20979,0.205747,81.0,0.359576,0.048333,0.049654
782,0.196409,0.195804,0.205747,80.0,0.338105,0.140504,0.154711
783,0.190797,0.19697,0.195402,80.0,0.338105,0.092395,0.099103
784,0.185185,0.181818,0.195402,78.6,0.308243,0.11746,0.126164
785,0.179574,0.18648,0.183908,78.9,0.314659,0.051548,0.051506
786,0.173962,0.17366,0.182759,78.4,0.304047,0.095202,0.099598
787,0.178451,0.178322,0.177011,79.2,0.321076,0.047974,0.047324
788,0.176207,0.175991,0.186207,78.5,0.306269,0.084576,0.088384
789,0.173962,0.178322,0.18046,78.4,0.304047,0.058202,0.058566
790,0.167228,0.17366,0.177011,77.9,0.293435,0.107309,0.112812
791,0.161616,0.160839,0.171264,76.8,0.26999,0.156137,0.16494
792,0.145903,0.152681,0.152874,76.1,0.254936,0.101148,0.103003
793,0.14927,0.141026,0.149425,75.1,0.233712,0.130884,0.134197
794,0.161616,0.152681,0.149425,77.1,0.276407,0.129356,0.134842
795,0.16835,0.165501,0.163218,78.0,0.295656,0.098268,0.102608
796,0.162738,0.16317,0.172414,77.2,0.278381,0.066256,0.066228
797,0.157127,0.156177,0.16092,77.2,0.278381,0.058011,0.05664
798,0.162738,0.164336,0.163218,77.3,0.280602,0.075632,0.076695
799,0.160494,0.157343,0.167816,76.4,0.261352,0.051869,0.050165
800,0.151515,0.152681,0.156322,76.0,0.252962,0.189778,0.199563
801,0.161616,0.152681,0.149425,77.6,0.287019,0.077246,0.078179
802,0.161616,0.162005,0.171264,76.9,0.272211,0.101492,0.104809
803,0.151515,0.151515,0.158621,76.1,0.254936,0.141534,0.147545
804,0.141414,0.143357,0.149425,75.6,0.244324,0.149382,0.153887
805,0.138047,0.142191,0.144828,75.2,0.235933,0.116311,0.117811
806,0.135802,0.122378,0.141379,73.4,0.197433,0.180469,0.183841
807,0.13468,0.123543,0.12069,75.5,0.242349,0.089472,0.087912
808,0.147026,0.142191,0.143678,76.2,0.257157,0.150532,0.156762
809,0.196409,0.152681,0.151724,80.9,0.357354,0.449097,0.50054
810,0.215488,0.202797,0.206897,81.7,0.374383,0.279798,0.321343
811,0.213244,0.216783,0.218391,82.2,0.384995,0.169451,0.192572
812,0.205387,0.203963,0.216092,80.4,0.346742,0.092481,0.100605
813,0.198653,0.188811,0.195402,79.3,0.323297,0.193309,0.214014
814,0.185185,0.181818,0.194253,78.5,0.306269,0.071315,0.073924
815,0.175084,0.167832,0.178161,77.3,0.280602,0.118169,0.125005
816,0.160494,0.158508,0.164368,76.8,0.26999,0.072082,0.072213
817,0.16835,0.160839,0.158621,77.2,0.278381,0.08849,0.091059
818,0.162738,0.156177,0.166667,76.3,0.259378,0.073706,0.073782
819,0.158249,0.152681,0.155172,76.5,0.263574,0.052252,0.05022
820,0.161616,0.157343,0.155172,77.0,0.274186,0.109833,0.114212
821,0.159371,0.152681,0.162069,76.0,0.252962,0.066998,0.066347
822,0.148148,0.148019,0.149425,75.6,0.244324,0.079498,0.079078
823,0.145903,0.141026,0.141379,75.0,0.231491,0.208108,0.217852
824,0.145903,0.146853,0.145977,75.9,0.25074,0.121145,0.124332
825,0.143659,0.117716,0.149425,73.5,0.199654,0.114409,0.114418
826,0.140292,0.09324,0.12069,75.9,0.25074,0.17301,0.173054
827,0.138047,0.125874,0.14023,75.0,0.231491,0.074463,0.072122
828,0.127946,0.12704,0.136782,74.3,0.216683,0.078535,0.075713
829,0.129068,0.129371,0.131034,74.2,0.214462,0.065077,0.061692
830,0.122334,0.111888,0.128736,72.5,0.17843,0.071487,0.067179
831,0.108866,0.100233,0.117241,72.1,0.169793,0.061154,0.055202
832,0.090909,0.076923,0.096552,70.2,0.129319,0.088059,0.080616
833,0.089787,0.078089,0.082759,70.0,0.125123,0.101584,0.09391
834,0.094276,0.082751,0.08046,70.6,0.137957,0.135809,0.129617
835,0.085297,0.076923,0.087356,69.5,0.114511,0.072915,0.064646
836,0.070707,0.041958,0.078161,66.5,0.050592,0.139767,0.127318
837,0.04826,0.034965,0.045977,66.1,0.041955,0.20691,0.188479
838,0.046016,0.032634,0.041379,65.8,0.035538,0.081735,0.068775
839,0.072952,0.026807,0.029885,70.0,0.125123,0.087834,0.075638
840,0.078563,0.076923,0.08046,70.3,0.13154,0.081994,0.073551
841,0.072952,0.071096,0.074713,69.0,0.103653,0.05642,0.047642
842,0.071829,0.059441,0.068966,68.1,0.08465,0.049081,0.039702
843,0.058361,0.038462,0.063218,66.3,0.04615,0.083862,0.071835
844,0.060606,0.041958,0.042529,68.9,0.101678,0.08438,0.073392
845,0.098765,0.06993,0.067816,71.9,0.165597,0.100146,0.09313
846,0.094276,0.090909,0.102299,71.3,0.152764,0.06032,0.053376
847,0.109989,0.090909,0.095402,73.0,0.189042,0.152596,0.151195
848,0.105499,0.106061,0.113793,72.5,0.17843,0.088758,0.083842
849,0.099888,0.102564,0.104598,71.7,0.161402,0.085611,0.080063
850,0.102132,0.097902,0.097701,71.9,0.165597,0.04589,0.038928
851,0.095398,0.092075,0.103448,71.1,0.148569,0.05826,0.051224
852,0.087542,0.082751,0.091954,70.3,0.13154,0.03742,0.029361
853,0.08642,0.082751,0.082759,70.8,0.142152,0.055587,0.047893
854,0.080808,0.082751,0.083908,70.6,0.137957,0.050326,0.042184
855,0.088664,0.090909,0.088506,71.0,0.146347,0.068359,0.061314
856,0.085297,0.085082,0.091954,70.2,0.129319,0.037051,0.028956
857,0.075196,0.076923,0.08046,69.5,0.114511,0.058044,0.04939
858,0.054994,0.038462,0.062069,66.4,0.048371,0.100989,0.088029
859,0.044893,0.029138,0.028736,66.1,0.041955,0.053728,0.041847
860,0.03367,0.018648,0.035632,64.5,0.007897,0.115405,0.099041
861,0.053872,0.024476,0.024138,68.0,0.082428,0.093123,0.079631
862,0.057239,0.026807,0.044828,66.7,0.054788,0.106887,0.093507
863,0.069585,0.040793,0.03908,69.0,0.103653,0.110978,0.100682
864,0.1156,0.068765,0.071264,73.7,0.20385,0.218825,0.217414
865,0.111111,0.089744,0.116092,70.6,0.137957,0.093051,0.087488
866,0.095398,0.082751,0.087356,70.7,0.139931,0.03983,0.032273
867,0.105499,0.09324,0.091954,71.5,0.15696,0.067679,0.061408
868,0.096521,0.086247,0.101149,71.1,0.148569,0.073423,0.066273
869,0.103255,0.083916,0.087356,70.8,0.142152,0.132489,0.126235
870,0.103255,0.089744,0.087356,72.3,0.173988,0.079972,0.073797
871,0.126824,0.108392,0.106897,72.2,0.172014,0.158618,0.159485
872,0.116723,0.106061,0.106897,73.7,0.20385,0.123952,0.121387
873,0.138047,0.12704,0.126437,75.1,0.233712,0.137381,0.140268
874,0.133558,0.117716,0.141379,73.1,0.191017,0.111103,0.110422
875,0.089787,0.076923,0.091954,70.7,0.192251,0.10005,0.09225
876,0.106622,0.082751,0.088506,73.0,0.242843,0.133083,0.129045
877,0.109989,0.111888,0.114943,73.0,0.242843,0.068627,0.063575
878,0.125701,0.106061,0.105747,73.0,0.242843,0.109479,0.106845
879,0.116723,0.113054,0.114943,73.3,0.249506,0.033745,0.0274
880,0.113356,0.110723,0.117241,72.5,0.231984,0.055179,0.049639
881,0.108866,0.108392,0.106897,72.4,0.229763,0.034042,0.027362
882,0.106622,0.101399,0.108046,71.6,0.211994,0.057647,0.051493
883,0.097643,0.100233,0.103448,71.7,0.214215,0.040002,0.032925
884,0.105499,0.101399,0.103448,72.8,0.238401,0.060286,0.054493
885,0.113356,0.115385,0.117241,73.0,0.242843,0.042929,0.037077
886,0.113356,0.108392,0.109195,73.2,0.247285,0.069408,0.064444
887,0.108866,0.106061,0.117241,72.0,0.220879,0.021107,0.013855
888,0.105499,0.10373,0.103448,72.9,0.240622,0.046513,0.04001
889,0.106622,0.10373,0.113793,72.0,0.220879,0.042268,0.035755
890,0.102132,0.10373,0.103448,72.2,0.225321,0.024806,0.017591
891,0.104377,0.109557,0.109195,72.6,0.234205,0.045401,0.039129
892,0.113356,0.110723,0.111494,72.8,0.238401,0.11072,0.107945
893,0.112233,0.108392,0.112644,73.5,0.253949,0.108075,0.1043
894,0.12009,0.114219,0.11954,73.4,0.251728,0.111587,0.109137
895,0.112233,0.111888,0.112644,73.4,0.251728,0.13716,0.135168
896,0.111111,0.115385,0.11954,73.3,0.249506,0.069413,0.064775
897,0.111111,0.113054,0.118391,72.6,0.234205,0.089285,0.0851
898,0.10101,0.107226,0.109195,72.2,0.225321,0.120924,0.116944
899,0.099888,0.106061,0.105747,72.0,0.220879,0.089017,0.083832
900,0.102132,0.106061,0.103448,72.5,0.231984,0.060991,0.055024
901,0.102132,0.090909,0.110345,71.1,0.201135,0.173087,0.169561
902,0.094276,0.094406,0.091954,71.9,0.218657,0.07303,0.066694
903,0.095398,0.097902,0.103448,71.5,0.209773,0.107989,0.102371
904,0.099888,0.102564,0.101149,71.8,0.216436,0.067866,0.061631
905,0.102132,0.102564,0.101149,72.6,0.234205,0.050048,0.043724
906,0.113356,0.113054,0.110345,73.4,0.251728,0.189663,0.190844
907,0.123457,0.11655,0.11954,74.1,0.267275,0.237332,0.244127
908,0.126824,0.125874,0.127586,73.7,0.258391,0.086234,0.083834
909,0.139169,0.124709,0.122989,75.8,0.304541,0.205023,0.211337
910,0.166105,0.15035,0.147126,77.7,0.346496,0.247776,0.267207
911,0.166105,0.164336,0.171264,77.9,0.350938,0.091523,0.094737
912,0.163861,0.155012,0.170115,76.9,0.328973,0.10498,0.108561
913,0.143659,0.145688,0.150575,75.5,0.298124,0.14563,0.150421
914,0.144781,0.146853,0.143678,76.0,0.308983,0.094052,0.094831
915,0.144781,0.146853,0.148276,75.5,0.298124,0.066371,0.064736
916,0.160494,0.146853,0.143678,77.5,0.342053,0.138823,0.144763
917,0.173962,0.167832,0.166667,77.8,0.348717,0.113891,0.120362
918,0.160494,0.149184,0.170115,75.7,0.30232,0.126702,0.132328
919,0.145903,0.143357,0.149425,75.7,0.30232,0.051711,0.048711
920,0.145903,0.146853,0.148276,75.9,0.306762,0.043921,0.040427
921,0.142536,0.144522,0.149425,75.3,0.293682,0.053388,0.050379
922,0.140292,0.143357,0.14023,75.7,0.30232,0.061551,0.059183
923,0.129068,0.12704,0.136782,74.0,0.265054,0.084614,0.082276
924,0.131313,0.130536,0.127586,74.5,0.275913,0.044831,0.040182
925,0.140292,0.134033,0.134483,76.0,0.308983,0.097583,0.097792
926,0.136925,0.13986,0.144828,75.2,0.291461,0.054916,0.051708
927,0.142536,0.144522,0.141379,75.8,0.304541,0.041583,0.037602
928,0.158249,0.148019,0.145977,76.9,0.328973,0.105675,0.108736
929,0.152637,0.152681,0.156322,76.9,0.328973,0.036495,0.032724
930,0.154882,0.158508,0.16092,76.7,0.324531,0.053987,0.052142
931,0.142536,0.125874,0.147126,74.0,0.265054,0.1492,0.152994
932,0.127946,0.109557,0.132184,72.4,0.229763,0.102705,0.099223
933,0.106622,0.09324,0.103448,71.8,0.216436,0.089779,0.084143
934,0.112233,0.108392,0.113793,72.7,0.23618,0.084389,0.080179
935,0.109989,0.104895,0.102299,72.3,0.227542,0.099332,0.094927
936,0.10101,0.094406,0.102299,71.0,0.198914,0.084672,0.079132
937,0.093154,0.082751,0.101149,70.9,0.196693,0.065135,0.057684
938,0.095398,0.094406,0.091954,71.6,0.211994,0.058528,0.051764
939,0.088664,0.082751,0.095402,70.0,0.176703,0.058988,0.051422
940,0.087542,0.041958,0.072414,69.8,0.172261,0.11563,0.103895
941,0.089787,0.052448,0.063218,70.5,0.187808,0.066601,0.058213
942,0.089787,0.078089,0.086207,70.2,0.181145,0.069308,0.061392
943,0.092031,0.083916,0.086207,71.6,0.211994,0.048017,0.040678
944,0.1156,0.092075,0.091954,73.8,0.260612,0.138899,0.136057
945,0.123457,0.125874,0.126437,74.0,0.265054,0.055802,0.051483
946,0.130191,0.125874,0.124138,74.1,0.267275,0.067454,0.064148
947,0.151515,0.137529,0.137931,76.5,0.320089,0.13727,0.142582
948,0.14927,0.153846,0.150575,76.6,0.32231,0.036711,0.032912
949,0.157127,0.15035,0.156322,77.5,0.342053,0.096711,0.099211
950,0.167228,0.158508,0.166667,77.0,0.331194,0.087474,0.08992
951,0.15376,0.129371,0.163218,74.0,0.265054,0.06261,0.060389
952,0.14927,0.130536,0.127586,76.0,0.308983,0.066395,0.064399
953,0.144781,0.148019,0.149425,76.0,0.308983,0.026492,0.021417
954,0.16835,0.152681,0.149425,78.5,0.364265,0.096385,0.10027
955,0.169473,0.172494,0.178161,78.0,0.353159,0.055912,0.055671
956,0.16835,0.167832,0.168966,78.5,0.364265,0.062303,0.06241
957,0.213244,0.181818,0.178161,80.2,0.40153,0.139335,0.154348
958,0.188552,0.179487,0.197701,78.3,0.359822,0.074678,0.078126
959,0.193042,0.175991,0.172414,80.0,0.397335,0.048223,0.048376
960,0.196409,0.175991,0.194253,80.0,0.397335,0.126357,0.138023
961,0.209877,0.199301,0.196552,82.2,0.445706,0.113379,0.125839
962,0.212121,0.194639,0.22069,82.4,0.450148,0.097238,0.106916
963,0.209877,0.199301,0.218391,80.9,0.417078,0.116387,0.128668
964,0.196409,0.164336,0.205747,78.4,0.362043,0.113345,0.120425
965,0.189675,0.180653,0.182759,78.4,0.362043,0.06193,0.063884
966,0.207632,0.153846,0.172414,79.0,0.375123,0.11139,0.117314
967,0.178451,0.158508,0.183908,77.0,0.331194,0.087091,0.089551
968,0.171717,0.12704,0.143678,74.5,0.275913,0.156702,0.162785
969,0.166105,0.142191,0.158621,76.0,0.308983,0.11152,0.114172
970,0.160494,0.149184,0.16092,77.0,0.331194,0.093784,0.095413
971,0.161616,0.16317,0.16092,77.9,0.350938,0.072613,0.073044
972,0.18743,0.168998,0.166667,79.5,0.386229,0.09627,0.102667
973,0.181818,0.179487,0.189655,79.4,0.384008,0.02402,0.020291
974,0.198653,0.18648,0.183908,81.2,0.423741,0.125011,0.137039
975,0.215488,0.210956,0.210345,82.2,0.445706,0.111357,0.124492
976,0.223345,0.219114,0.218391,81.7,0.4346,0.097133,0.108818
977,0.222222,0.205128,0.210345,83.0,0.463475,0.102163,0.112914
978,0.218855,0.216783,0.229885,82.8,0.459033,0.082588,0.091433
979,0.217733,0.217949,0.213793,82.4,0.450148,0.093185,0.103196
980,0.230079,0.222611,0.221839,84.0,0.485439,0.107797,0.122468
981,0.248036,0.247086,0.242529,85.0,0.507404,0.085961,0.098814
982,0.242424,0.228438,0.252874,82.5,0.452369,0.053828,0.058681
983,0.233446,0.22028,0.229885,82.5,0.452369,0.075114,0.083258
984,0.230079,0.210956,0.229885,81.0,0.419299,0.063496,0.069126
985,0.205387,0.199301,0.206897,80.0,0.397335,0.102369,0.111688
986,0.20651,0.180653,0.198851,78.5,0.364265,0.137544,0.149015
987,0.178451,0.166667,0.17931,78.0,0.353159,0.15995,0.171441
988,0.178451,0.170163,0.188506,77.5,0.342053,0.15572,0.166656
989,0.176207,0.167832,0.166667,77.6,0.344274,0.111319,0.117604
990,0.171717,0.171329,0.168966,78.0,0.353159,0.130803,0.139244
991,0.16835,0.164336,0.178161,77.0,0.331194,0.10305,0.107476
992,0.181818,0.16317,0.164368,78.7,0.36846,0.132159,0.140765
993,0.191919,0.193473,0.191954,79.7,0.390671,0.097435,0.104972
994,0.179574,0.164336,0.187356,77.0,0.36155,0.063027,0.06349
995,0.164983,0.155012,0.162069,76.2,0.343534,0.061805,0.060995
996,0.158249,0.151515,0.154023,76.0,0.339092,0.066395,0.065568
997,0.162738,0.152681,0.158621,76.6,0.352419,0.063003,0.062114
998,0.162738,0.159674,0.157471,77.0,0.36155,0.043921,0.04139
999,0.164983,0.164336,0.165517,77.0,0.36155,0.050686,0.049126
1000,0.162738,0.153846,0.172414,76.1,0.341313,0.044438,0.041758
1001,0.16835,0.155012,0.155172,78.5,0.395114,0.058653,0.058046
1002,0.177329,0.182984,0.18046,79.3,0.413129,0.039192,0.037451
1003,0.200898,0.187646,0.187356,81.2,0.455824,0.105306,0.114722
1004,0.198653,0.194639,0.206897,79.8,0.424235,0.047811,0.048548
1005,0.193042,0.194639,0.194253,80.7,0.444472,0.032413,0.030542
1006,0.20202,0.206294,0.205747,81.0,0.451382,0.04428,0.044973
1007,0.203143,0.192308,0.206897,79.4,0.41535,0.060507,0.062957
1008,0.18743,0.191142,0.194253,80.0,0.428924,0.019794,0.015948
1009,0.197531,0.200466,0.197701,80.6,0.442251,0.056401,0.058621
1010,0.194164,0.192308,0.202299,79.4,0.41535,0.018347,0.01429
1011,0.196409,0.192308,0.197701,80.9,0.448914,0.067056,0.070781
1012,0.20202,0.207459,0.205747,81.3,0.458045,0.049162,0.050729
1013,0.20202,0.199301,0.204598,81.3,0.458045,0.112871,0.124318
1014,0.20651,0.194639,0.211494,80.0,0.428924,0.098695,0.107366
1015,0.185185,0.192308,0.195402,79.4,0.41535,0.064306,0.066538
1016,0.179574,0.16317,0.186207,77.1,0.363771,0.217781,0.234027
1017,0.160494,0.16317,0.168966,77.2,0.365992,0.073715,0.074505
1018,0.157127,0.160839,0.165517,76.7,0.354886,0.058576,0.057524
1019,0.152637,0.151515,0.16092,76.0,0.339092,0.075862,0.075575
1020,0.157127,0.151515,0.148276,77.4,0.370434,0.07852,0.079104
1021,0.158249,0.153846,0.167816,76.1,0.341313,0.048036,0.045719
1022,0.147026,0.149184,0.151724,75.8,0.33465,0.06124,0.059325
1023,0.140292,0.141026,0.147126,75.0,0.316634,0.063329,0.060636
1024,0.139169,0.141026,0.137931,75.9,0.336871,0.046201,0.042205
1025,0.139169,0.130536,0.148276,75.3,0.323297,0.06215,0.058688
1026,0.136925,0.134033,0.141379,74.7,0.30997,0.038412,0.033648
1027,0.140292,0.134033,0.134483,76.0,0.339092,0.056138,0.053068
1028,0.145903,0.148019,0.149425,76.5,0.350197,0.020101,0.014526
1029,0.144781,0.144522,0.150575,76.0,0.339092,0.024207,0.018937
1030,0.157127,0.146853,0.149425,77.5,0.372655,0.053349,0.051455
1031,0.158249,0.160839,0.166667,77.2,0.365992,0.029539,0.025429
1032,0.148148,0.146853,0.152874,75.5,0.327739,0.049052,0.045912
1033,0.150393,0.134033,0.143678,75.7,0.332428,0.098508,0.09851
1034,0.140292,0.135198,0.145977,74.7,0.30997,0.067516,0.064776
1035,0.139169,0.129371,0.134483,75.2,0.321076,0.04028,0.035708
1036,0.139169,0.142191,0.143678,75.5,0.327739,0.036534,0.032022
1037,0.151515,0.141026,0.13908,76.9,0.359329,0.065336,0.064027
1038,0.150393,0.153846,0.15977,76.5,0.350197,0.039145,0.035539
1039,0.14927,0.141026,0.137931,76.0,0.339092,0.020719,0.015189
1040,0.147026,0.141026,0.149425,75.0,0.316634,0.029707,0.024831
1041,0.142536,0.146853,0.148276,75.8,0.33465,0.043078,0.039399
1042,0.145903,0.141026,0.14023,76.5,0.350197,0.046599,0.043148
1043,0.152637,0.155012,0.151724,76.5,0.350197,0.05356,0.051615
1044,0.15376,0.153846,0.155172,76.9,0.359329,0.055381,0.053637
1045,0.152637,0.159674,0.158621,76.9,0.359329,0.074391,0.074721
1046,0.150393,0.148019,0.152874,76.6,0.352419,0.070108,0.06916
1047,0.154882,0.158508,0.156322,77.1,0.363771,0.080892,0.08179
1048,0.152637,0.151515,0.16092,76.4,0.347976,0.060243,0.058399
1049,0.144781,0.135198,0.154023,74.5,0.305281,0.103533,0.103567
1050,0.129068,0.130536,0.137931,74.3,0.300839,0.064095,0.060562
1051,0.130191,0.131702,0.131034,74.4,0.30306,0.051668,0.047428
1052,0.125701,0.134033,0.133333,74.4,0.30306,0.030109,0.024432
1053,0.132435,0.129371,0.129885,75.3,0.323297,0.048544,0.044298
1054,0.13468,0.138695,0.137931,75.0,0.316634,0.031647,0.026505
1055,0.129068,0.132867,0.137931,74.6,0.307749,0.052688,0.048469
1056,0.132435,0.134033,0.132184,74.4,0.30306,0.066031,0.062853
1057,0.127946,0.134033,0.134483,74.9,0.314413,0.030454,0.024837
1058,0.133558,0.136364,0.134483,75.0,0.316634,0.027163,0.021652
1059,0.133558,0.134033,0.137931,74.4,0.30306,0.038536,0.033634
1060,0.127946,0.131702,0.133333,74.4,0.30306,0.027733,0.021907
1061,0.123457,0.131702,0.131034,74.2,0.298618,0.074127,0.071164
1062,0.126824,0.130536,0.128736,74.5,0.305281,0.033137,0.027603
1063,0.124579,0.132867,0.131034,74.3,0.300839,0.030368,0.02466
1064,0.125701,0.132867,0.131034,74.7,0.30997,0.02504,0.01904
1065,0.125701,0.134033,0.134483,74.4,0.30306,0.026875,0.021028
1066,0.123457,0.130536,0.129885,74.4,0.30306,0.024485,0.018349
1067,0.122334,0.129371,0.131034,74.3,0.300839,0.033889,0.028264
1068,0.122334,0.123543,0.129885,73.5,0.28307,0.029601,0.023507
1069,0.114478,0.115385,0.121839,72.8,0.267275,0.048975,0.043318
1070,0.105499,0.102564,0.112644,71.7,0.242596,0.052396,0.045849
1071,0.106622,0.10373,0.101149,73.0,0.271718,0.031623,0.02466
1072,0.107744,0.106061,0.116092,72.0,0.24926,0.026089,0.018912
1073,0.102132,0.10373,0.104598,71.9,0.247038,0.026377,0.019087
1074,0.095398,0.092075,0.103448,70.9,0.22458,0.040045,0.032583
1075,0.085297,0.085082,0.091954,70.5,0.215696,0.041339,0.033411
1076,0.088664,0.08042,0.086207,69.9,0.202122,0.052626,0.044442
1077,0.084175,0.082751,0.08046,71.0,0.226802,0.032092,0.024068
1078,0.084175,0.076923,0.091954,69.5,0.193238,0.052573,0.044104
1079,0.075196,0.079254,0.078161,70.0,0.204344,0.040481,0.032021
1080,0.072952,0.064103,0.08046,68.6,0.173001,0.114313,0.104064
1081,0.063973,0.066434,0.064368,68.8,0.177443,0.021102,0.012116
1082,0.077441,0.071096,0.068966,70.4,0.213475,0.045799,0.037466
1083,0.084175,0.088578,0.089655,70.7,0.220138,0.028724,0.020745
1084,0.085297,0.088578,0.089655,70.5,0.215696,0.032571,0.024685
1085,0.083053,0.082751,0.086207,70.0,0.204344,0.008411,0.0
1086,0.077441,0.076923,0.085057,69.6,0.195459,0.045147,0.036454
1087,0.071829,0.071096,0.07931,69.0,0.181885,0.060655,0.05155
1088,0.069585,0.071096,0.068966,69.7,0.19768,0.05311,0.043872
1089,0.069585,0.068765,0.077011,69.0,0.181885,0.076532,0.066955
1090,0.072952,0.065268,0.068966,69.2,0.186575,0.10658,0.096653
1091,0.06734,0.066434,0.073563,68.6,0.173001,0.044654,0.035239
1092,0.061728,0.061772,0.065517,68.2,0.164116,0.06833,0.058205
1093,0.054994,0.047786,0.057471,67.0,0.137216,0.127627,0.114606
1094,0.043771,0.037296,0.047126,66.3,0.121422,0.099567,0.085754
1095,0.044893,0.036131,0.036782,67.1,0.139437,0.049526,0.038361
1096,0.050505,0.048951,0.050575,67.1,0.139437,0.030315,0.020336
1097,0.047138,0.048951,0.049425,67.1,0.139437,0.036979,0.026605
1098,0.043771,0.041958,0.047126,66.5,0.125864,0.071804,0.059627
1099,0.037037,0.037296,0.043678,66.1,0.116979,0.057244,0.045253
1100,0.03367,0.036131,0.035632,66.1,0.116979,0.045167,0.033596
1101,0.031425,0.030303,0.036782,65.9,0.11229,0.129255,0.112664
1102,0.041526,0.038462,0.04023,66.5,0.125864,0.146181,0.13034
1103,0.038159,0.036131,0.044828,66.4,0.123643,0.150972,0.134306
1104,0.035915,0.036131,0.04023,66.2,0.1192,0.165153,0.147452
1105,0.03367,0.030303,0.04023,65.5,0.103406,0.228272,0.205997
1106,0.03367,0.030303,0.029885,65.8,0.110069,0.086641,0.072281
1107,0.050505,0.036131,0.034483,67.9,0.157206,0.248097,0.228925
1108,0.053872,0.053613,0.058621,67.6,0.150543,0.223812,0.208354
1109,0.05275,0.048951,0.054023,67.1,0.139437,0.222222,0.205391
1110,0.043771,0.038462,0.049425,66.3,0.121422,0.211567,0.192438
1111,0.034792,0.036131,0.04023,66.1,0.116979,0.274097,0.250415
1112,0.034792,0.031469,0.037931,65.8,0.110069,0.144093,0.126801
1113,0.026936,0.030303,0.033333,65.5,0.103406,0.128934,0.111797
1114,0.031425,0.030303,0.029885,66.3,0.121422,0.154225,0.136067
1115,0.042649,0.039627,0.04023,66.9,0.134748,0.255777,0.235461
1116,0.06734,0.047786,0.045977,69.1,0.184107,0.55987,0.537877
1117,0.080808,0.062937,0.072414,70.6,0.217917,0.501413,0.492194
1118,0.08193,0.078089,0.089655,70.5,0.215696,0.273421,0.26554
1119,0.083053,0.079254,0.086207,70.6,0.217917,0.281844,0.27491
1120,0.099888,0.083916,0.087356,71.9,0.247038,0.3558,0.35594
1121,0.095398,0.092075,0.102299,71.0,0.226802,0.161608,0.156555
1122,0.088664,0.086247,0.093103,70.7,0.220138,0.139628,0.13271
1123,0.08642,0.083916,0.086207,70.6,0.217917,0.216061,0.20943
1124,0.08193,0.078089,0.089655,69.8,0.199901,0.306013,0.298749
1125,0.080808,0.08042,0.07931,70.5,0.215696,0.352571,0.346108
1126,0.08642,0.087413,0.088506,70.9,0.22458,0.263916,0.2587
1127,0.103255,0.096737,0.096552,72.1,0.251481,0.282629,0.283617
1128,0.111111,0.102564,0.104598,72.8,0.267275,0.26017,0.261525
1129,0.112233,0.113054,0.113793,73.5,0.28307,0.187996,0.188246
1130,0.1156,0.11655,0.11954,73.1,0.273939,0.168243,0.168691
1131,0.111111,0.107226,0.117241,73.3,0.278381,0.23657,0.237794
1132,0.113356,0.108392,0.114943,72.3,0.255923,0.174917,0.173688
1133,0.102132,0.108392,0.109195,72.4,0.258391,0.127353,0.123865
1134,0.106622,0.110723,0.109195,72.6,0.262833,0.128077,0.125183
1135,0.104377,0.109557,0.110345,72.6,0.262833,0.111577,0.107765
1136,0.112233,0.111888,0.110345,73.5,0.28307,0.147082,0.146086
1137,0.117845,0.121212,0.12069,73.6,0.285291,0.108444,0.106318
1138,0.125701,0.118881,0.121839,74.5,0.305281,0.190396,0.193734
1139,0.131313,0.132867,0.131034,75.0,0.316634,0.139795,0.142096
1140,0.138047,0.138695,0.137931,75.7,0.332428,0.187153,0.1936
1141,0.159371,0.148019,0.147126,77.4,0.370434,0.249213,0.266185
1142,0.167228,0.166667,0.164368,78.0,0.384008,0.148189,0.157808
1143,0.162738,0.152681,0.172414,76.0,0.339092,0.261535,0.281267
1144,0.145903,0.144522,0.149425,76.1,0.341313,0.115324,0.117732
1145,0.118967,0.113054,0.127586,72.6,0.316881,0.126759,0.125007
1146,0.106622,0.106061,0.109195,73.0,0.326259,0.138621,0.13572
1147,0.127946,0.109557,0.113793,74.9,0.370188,0.193845,0.196223
1148,0.127946,0.128205,0.134483,74.5,0.361056,0.151332,0.153473
1149,0.123457,0.115385,0.132184,73.1,0.32848,0.164482,0.165066
1150,0.117845,0.11655,0.116092,73.1,0.32848,0.117925,0.11599
1151,0.112233,0.110723,0.116092,73.5,0.337858,0.091484,0.087674
1152,0.112233,0.111888,0.11954,73.4,0.335637,0.133893,0.132278
1153,0.111111,0.114219,0.113793,72.8,0.32157,0.093324,0.089455
1154,0.112233,0.111888,0.112644,73.1,0.32848,0.086818,0.082755
1155,0.123457,0.11655,0.116092,73.6,0.340079,0.206445,0.210833
1156,0.126824,0.107226,0.12069,73.3,0.333169,0.327428,0.338438
1157,0.1156,0.114219,0.111494,72.9,0.324038,0.133352,0.131597
1158,0.108866,0.095571,0.117241,72.7,0.319348,0.134305,0.130557
1159,0.113356,0.101399,0.108046,73.5,0.337858,0.134195,0.131501
1160,0.127946,0.117716,0.12069,74.7,0.365745,0.198732,0.203885
1161,0.132435,0.132867,0.141379,74.9,0.370188,0.118797,0.119687
1162,0.163861,0.141026,0.137931,77.9,0.439783,0.248887,0.266929
1163,0.158249,0.155012,0.166667,77.4,0.428184,0.188192,0.199726
1164,0.16835,0.158508,0.16092,77.8,0.437562,0.114404,0.119473
1165,0.17284,0.165501,0.166667,77.8,0.437562,0.170758,0.183369
1166,0.190797,0.177156,0.178161,80.1,0.490869,0.31467,0.351648
1167,0.186308,0.193473,0.196552,80.0,0.488648,0.096232,0.103285
1168,0.185185,0.182984,0.194253,79.5,0.477048,0.15594,0.170464
1169,0.186308,0.188811,0.186207,80.0,0.488648,0.119923,0.130206
1170,0.197531,0.171329,0.195402,79.5,0.477048,0.189869,0.208745
1171,0.193042,0.179487,0.183908,80.3,0.495558,0.114825,0.123893
1172,0.188552,0.184149,0.190805,79.1,0.46767,0.107088,0.114992
1173,0.185185,0.180653,0.178161,79.4,0.47458,0.105919,0.112982
1174,0.198653,0.187646,0.188506,79.5,0.477048,0.255978,0.286774
1175,0.182941,0.184149,0.185057,78.9,0.462981,0.050322,0.050123
1176,0.17284,0.168998,0.178161,78.9,0.462981,0.110188,0.116286
1177,0.171717,0.175991,0.177011,78.3,0.449161,0.075267,0.07745
1178,0.166105,0.167832,0.173563,78.0,0.442251,0.108569,0.113737
1179,0.166105,0.15035,0.162069,77.5,0.430652,0.190348,0.202698
1180,0.16835,0.160839,0.163218,77.6,0.432873,0.118993,0.125576
1181,0.162738,0.152681,0.167816,76.1,0.398075,0.10841,0.111787
1182,0.147026,0.138695,0.152874,76.6,0.409674,0.095892,0.096356
1183,0.144781,0.138695,0.150575,74.8,0.367966,0.077495,0.075934
1184,0.144781,0.131702,0.137931,74.2,0.354146,0.05424,0.050803
1185,0.135802,0.131702,0.128736,75.6,0.386476,0.042551,0.038072
1186,0.130191,0.128205,0.133333,74.0,0.349457,0.082497,0.079899
1187,0.124579,0.122378,0.121839,74.4,0.358588,0.038622,0.033179
1188,0.122334,0.114219,0.127586,72.7,0.319348,0.110173,0.107945
1189,0.12009,0.113054,0.111494,74.2,0.354146,0.045765,0.040446
1190,0.118967,0.124709,0.126437,73.7,0.342547,0.026789,0.020555
1191,0.129068,0.129371,0.129885,74.4,0.358588,0.036035,0.030782
1192,0.126824,0.129371,0.133333,74.4,0.358588,0.041329,0.036271
1193,0.139169,0.135198,0.132184,75.5,0.384255,0.10842,0.109562
1194,0.143659,0.141026,0.142529,75.8,0.391165,0.058222,0.05575
1195,0.138047,0.137529,0.13908,75.2,0.377345,0.05139,0.047831
1196,0.141414,0.138695,0.141379,74.8,0.367966,0.055103,0.052014
1197,0.126824,0.110723,0.135632,73.9,0.347236,0.110221,0.108192
1198,0.111111,0.09324,0.11954,71.4,0.28924,0.17405,0.170812
